Size,IsRooted,Metric,Variant,PairIndex,Success,Distance,TotalTimeMs,NniTimeNs,Ecr2TimeNs,Ecr3TimeNs,SprTimeNs,AllocBytes,PeakRamBytes
120,false,RF,"1. NNI (Classic)",1,false,Infinity,24.9489,0,0,0,0,34507552,43392352
120,false,RF,"1. NNI (Classic)",2,false,Infinity,14.9758,0,0,0,0,34722280,76946784
120,false,RF,"1. NNI (Classic)",3,false,Infinity,14.5598,0,0,0,0,34038808,110501216
120,false,RF,"1. NNI (Classic)",4,false,Infinity,15.1730,0,0,0,0,34387904,144055648
120,false,RF,"1. NNI (Classic)",5,false,Infinity,15.5313,0,0,0,0,34292272,177610080
120,false,RF,"1. NNI (Classic)",6,false,Infinity,11.2474,0,0,0,0,34401768,211164512
120,false,RF,"1. NNI (Classic)",7,false,Infinity,10.4965,0,0,0,0,34580912,244718944
120,false,RF,"1. NNI (Classic)",8,false,Infinity,29.8273,0,0,0,0,95865384,345382240
120,false,RF,"1. NNI (Classic)",9,false,Infinity,11.1372,0,0,0,0,34280200,378936672
120,false,RF,"1. NNI (Classic)",10,false,Infinity,11.3105,0,0,0,0,34386176,412491104
120,false,RF,"1. NNI (Classic)",11,false,Infinity,11.1697,0,0,0,0,34555536,446045536
120,false,RF,"1. NNI (Classic)",12,false,Infinity,10.9019,0,0,0,0,34325656,479599968
120,false,RF,"1. NNI (Classic)",13,false,Infinity,17.4729,0,0,0,0,54629704,513154400
120,false,RF,"1. NNI (Classic)",14,false,Infinity,11.7355,0,0,0,0,34444016,546708832
120,false,RF,"1. NNI (Classic)",15,false,Infinity,11.0926,0,0,0,0,34088112,580263264
120,false,RF,"1. NNI (Classic)",16,false,Infinity,10.9747,0,0,0,0,34327480,613817696
120,false,RF,"1. NNI (Classic)",17,false,Infinity,11.1413,0,0,0,0,34551472,647372128
120,false,RF,"1. NNI (Classic)",18,false,Infinity,10.7992,0,0,0,0,33890752,680926560
120,false,RF,"1. NNI (Classic)",19,false,Infinity,10.9821,0,0,0,0,34314872,714480992
120,false,RF,"1. NNI (Classic)",20,false,Infinity,10.6232,0,0,0,0,34360504,748035424
120,false,RF,"1. NNI (Classic)",21,false,Infinity,10.5791,0,0,0,0,34246888,781589856
120,false,RF,"1. NNI (Classic)",22,false,Infinity,17.4239,0,0,0,0,56154280,848698720
120,false,RF,"1. NNI (Classic)",23,false,Infinity,10.3142,0,0,0,0,34524072,882253152
120,false,RF,"1. NNI (Classic)",24,false,Infinity,10.3693,0,0,0,0,34047072,915807584
120,false,RF,"1. NNI (Classic)",25,false,Infinity,16.7578,0,0,0,0,55012872,982916448
120,false,RF,"1. NNI (Classic)",26,false,Infinity,34.8525,0,0,0,0,33937456,1016470880
120,false,RF,"1. NNI (Classic)",27,false,Infinity,11.5893,0,0,0,0,34765552,1050025312
120,false,RF,"1. NNI (Classic)",28,false,Infinity,23.6904,0,0,0,0,75567776,1117134176
120,false,RF,"1. NNI (Classic)",29,false,Infinity,10.9938,0,0,0,0,34396624,1150688608
120,false,RF,"1. NNI (Classic)",30,false,Infinity,10.6946,0,0,0,0,34116168,1184243040
120,false,RF,"1. NNI (Classic)",31,false,Infinity,10.9714,0,0,0,0,34751496,1217797472
120,false,RF,"1. NNI (Classic)",32,false,Infinity,23.6260,0,0,0,0,76265328,1318460768
120,false,RF,"1. NNI (Classic)",33,false,Infinity,10.9386,0,0,0,0,34243272,1352015200
120,false,RF,"1. NNI (Classic)",34,false,Infinity,11.0761,0,0,0,0,34359472,1385569632
120,false,RF,"1. NNI (Classic)",35,false,Infinity,10.9600,0,0,0,0,34369840,1419124064
120,false,RF,"1. NNI (Classic)",36,false,Infinity,17.3711,0,0,0,0,55300280,1452678496
120,false,RF,"1. NNI (Classic)",37,false,Infinity,10.7692,0,0,0,0,34069648,1486232928
120,false,RF,"1. NNI (Classic)",38,false,Infinity,10.9516,0,0,0,0,34683960,1519787360
120,false,RF,"1. NNI (Classic)",39,false,Infinity,10.8668,0,0,0,0,34268912,1553341792
120,false,RF,"1. NNI (Classic)",40,false,Infinity,10.9027,0,0,0,0,34496288,1586896224
120,false,RF,"1. NNI (Classic)",41,false,Infinity,10.9343,0,0,0,0,34725008,1620450656
120,false,RF,"1. NNI (Classic)",42,false,Infinity,10.9147,0,0,0,0,34148272,1654005088
120,false,RF,"1. NNI (Classic)",43,false,Infinity,10.7132,0,0,0,0,33972776,1687559520
120,false,RF,"1. NNI (Classic)",44,false,Infinity,11.0128,0,0,0,0,34777688,1721113952
120,false,RF,"1. NNI (Classic)",45,false,Infinity,17.4110,0,0,0,0,54970352,1788222816
120,false,RF,"1. NNI (Classic)",46,false,Infinity,10.7899,0,0,0,0,34400112,1821777248
120,false,RF,"1. NNI (Classic)",47,false,Infinity,10.7332,0,0,0,0,34299784,1855331680
120,false,RF,"1. NNI (Classic)",48,false,Infinity,10.9605,0,0,0,0,34804248,1888886112
120,false,RF,"1. NNI (Classic)",49,false,Infinity,10.6318,0,0,0,0,33995496,1922440544
120,false,RF,"1. NNI (Classic)",50,false,Infinity,10.7679,0,0,0,0,34334048,1955994976
120,false,RF,"1. NNI (Classic)",51,false,Infinity,10.8616,0,0,0,0,34676680,1989549408
120,false,RF,"1. NNI (Classic)",52,false,Infinity,10.7118,0,0,0,0,34475208,2023103840
120,false,RF,"1. NNI (Classic)",53,false,Infinity,10.9208,0,0,0,0,34159360,2056658272
120,false,RF,"1. NNI (Classic)",54,false,Infinity,10.6533,0,0,0,0,33872216,2090212704
120,false,RF,"1. NNI (Classic)",55,false,Infinity,10.8170,0,0,0,0,34103264,2123767136
120,false,RF,"1. NNI (Classic)",56,false,Infinity,10.7161,0,0,0,0,34129032,2157321568
120,false,RF,"1. NNI (Classic)",57,false,Infinity,10.9048,0,0,0,0,34180640,2190876000
120,false,RF,"1. NNI (Classic)",58,false,Infinity,10.7880,0,0,0,0,34271256,2224430432
120,false,RF,"1. NNI (Classic)",59,false,Infinity,10.7566,0,0,0,0,34359936,2257984864
120,false,RF,"1. NNI (Classic)",60,false,Infinity,17.3557,0,0,0,0,55313864,2325093728
120,false,RF,"1. NNI (Classic)",61,false,Infinity,17.1578,0,0,0,0,54889248,2392202592
120,false,RF,"1. NNI (Classic)",62,false,Infinity,10.7841,0,0,0,0,34249072,2425757024
120,false,RF,"1. NNI (Classic)",63,false,Infinity,10.8458,0,0,0,0,34317176,2459311456
120,false,RF,"1. NNI (Classic)",64,false,Infinity,10.9589,0,0,0,0,34608584,2492865888
120,false,RF,"1. NNI (Classic)",65,false,Infinity,17.3049,0,0,0,0,55371856,2526420320
120,false,RF,"1. NNI (Classic)",66,false,Infinity,10.8703,0,0,0,0,34275304,2559974752
120,false,RF,"1. NNI (Classic)",67,false,Infinity,17.2616,0,0,0,0,54829944,2627083616
120,false,RF,"1. NNI (Classic)",68,false,Infinity,10.9500,0,0,0,0,34383432,2660638048
120,false,RF,"1. NNI (Classic)",69,false,Infinity,17.2581,0,0,0,0,54817680,2727746912
120,false,RF,"1. NNI (Classic)",70,false,Infinity,11.0745,0,0,0,0,34817232,2761301344
120,false,RF,"1. NNI (Classic)",71,false,Infinity,10.8394,0,0,0,0,34363128,2794855776
120,false,RF,"1. NNI (Classic)",72,false,Infinity,10.7737,0,0,0,0,33944648,2828410208
120,false,RF,"1. NNI (Classic)",73,false,Infinity,10.7677,0,0,0,0,34391168,2861964640
120,false,RF,"1. NNI (Classic)",74,false,Infinity,10.8115,0,0,0,0,34383768,2895519072
120,false,RF,"1. NNI (Classic)",75,false,Infinity,10.7198,0,0,0,0,34090784,2929073504
120,false,RF,"1. NNI (Classic)",76,false,Infinity,10.8695,0,0,0,0,34352376,2962627936
120,false,RF,"1. NNI (Classic)",77,false,Infinity,10.7991,0,0,0,0,33818904,2996182368
120,false,RF,"1. NNI (Classic)",78,false,Infinity,10.6904,0,0,0,0,34288496,3029736800
120,false,RF,"1. NNI (Classic)",79,false,Infinity,10.9266,0,0,0,0,34488768,3063291232
120,false,RF,"1. NNI (Classic)",80,false,Infinity,16.9427,0,0,0,0,54577200,3130400096
120,false,RF,"1. NNI (Classic)",81,false,Infinity,10.8021,0,0,0,0,34287336,3163954528
120,false,RF,"1. NNI (Classic)",82,false,Infinity,10.8671,0,0,0,0,34398664,3197508960
120,false,RF,"1. NNI (Classic)",83,false,Infinity,10.9074,0,0,0,0,34496472,3231063392
120,false,RF,"1. NNI (Classic)",84,false,Infinity,17.1828,0,0,0,0,55364704,3264617824
120,false,RF,"1. NNI (Classic)",85,false,Infinity,10.9968,0,0,0,0,34412544,3298172256
120,false,RF,"1. NNI (Classic)",86,false,Infinity,10.8305,0,0,0,0,34372304,3331726688
120,false,RF,"1. NNI (Classic)",87,false,Infinity,10.6460,0,0,0,0,33816376,3365281120
120,false,RF,"1. NNI (Classic)",88,false,Infinity,10.8770,0,0,0,0,34328456,3398835552
120,false,RF,"1. NNI (Classic)",89,false,Infinity,10.8861,0,0,0,0,34306096,3465944416
120,false,RF,"1. NNI (Classic)",90,false,Infinity,10.6623,0,0,0,0,34305312,3499498848
120,false,RF,"1. NNI (Classic)",91,false,Infinity,17.2519,0,0,0,0,54757776,3533053280
120,false,RF,"1. NNI (Classic)",92,false,Infinity,10.7341,0,0,0,0,33986152,3566607712
120,false,RF,"1. NNI (Classic)",93,false,Infinity,10.7435,0,0,0,0,34473240,3600162144
120,false,RF,"1. NNI (Classic)",94,false,Infinity,16.6449,0,0,0,0,55605112,3667271008
120,false,RF,"1. NNI (Classic)",95,false,Infinity,16.4956,0,0,0,0,55088472,3734379872
120,false,RF,"1. NNI (Classic)",96,false,Infinity,10.5033,0,0,0,0,34492328,3767934304
120,false,RF,"1. NNI (Classic)",97,false,Infinity,10.6100,0,0,0,0,34712240,3801488736
120,false,RF,"1. NNI (Classic)",98,false,Infinity,29.3991,0,0,0,0,98481360,3902152032
120,false,RF,"1. NNI (Classic)",99,false,Infinity,10.3208,0,0,0,0,34508104,3935706464
120,false,RF,"1. NNI (Classic)",100,false,Infinity,10.3805,0,0,0,0,34481616,3969260896
120,false,RF,"2. NNI (Incremental)",1,false,Infinity,0.6147,0,0,0,0,155080,9863400
120,false,RF,"2. NNI (Incremental)",2,false,Infinity,0.4322,0,0,0,0,122488,9863400
120,false,RF,"2. NNI (Incremental)",3,false,Infinity,0.4058,0,0,0,0,122600,9863400
120,false,RF,"2. NNI (Incremental)",4,false,Infinity,0.3837,0,0,0,0,123816,9863400
120,false,RF,"2. NNI (Incremental)",5,false,Infinity,0.3850,0,0,0,0,120632,9863400
120,false,RF,"2. NNI (Incremental)",6,false,Infinity,0.3832,0,0,0,0,120480,9863400
120,false,RF,"2. NNI (Incremental)",7,false,Infinity,0.3815,0,0,0,0,122480,9863400
120,false,RF,"2. NNI (Incremental)",8,false,Infinity,1.0877,0,0,0,0,216536,9863400
120,false,RF,"2. NNI (Incremental)",9,false,Infinity,0.3831,0,0,0,0,120720,9863400
120,false,RF,"2. NNI (Incremental)",10,false,Infinity,0.3957,0,0,0,0,121344,9863400
120,false,RF,"2. NNI (Incremental)",11,false,Infinity,0.3864,0,0,0,0,121656,9863400
120,false,RF,"2. NNI (Incremental)",12,false,Infinity,0.3931,0,0,0,0,123784,9863400
120,false,RF,"2. NNI (Incremental)",13,false,Infinity,0.6166,0,0,0,0,153680,9863400
120,false,RF,"2. NNI (Incremental)",14,false,Infinity,0.3998,0,0,0,0,123272,9863400
120,false,RF,"2. NNI (Incremental)",15,false,Infinity,0.3887,0,0,0,0,122416,9863400
120,false,RF,"2. NNI (Incremental)",16,false,Infinity,0.3879,0,0,0,0,120248,9863400
120,false,RF,"2. NNI (Incremental)",17,false,Infinity,0.3831,0,0,0,0,121608,9863400
120,false,RF,"2. NNI (Incremental)",18,false,Infinity,0.3925,0,0,0,0,122056,9863400
120,false,RF,"2. NNI (Incremental)",19,false,Infinity,0.3820,0,0,0,0,119712,9863400
120,false,RF,"2. NNI (Incremental)",20,false,Infinity,0.3870,0,0,0,0,120648,9863400
120,false,RF,"2. NNI (Incremental)",21,false,Infinity,0.3860,0,0,0,0,120680,9863400
120,false,RF,"2. NNI (Incremental)",22,false,Infinity,0.6108,0,0,0,0,149336,9863400
120,false,RF,"2. NNI (Incremental)",23,false,Infinity,0.3782,0,0,0,0,121440,9863400
120,false,RF,"2. NNI (Incremental)",24,false,Infinity,0.3677,0,0,0,0,124856,9863400
120,false,RF,"2. NNI (Incremental)",25,false,Infinity,0.5969,0,0,0,0,151768,9863400
120,false,RF,"2. NNI (Incremental)",26,false,Infinity,0.3812,0,0,0,0,120512,9863400
120,false,RF,"2. NNI (Incremental)",27,false,Infinity,0.3597,0,0,0,0,120816,9863400
120,false,RF,"2. NNI (Incremental)",28,false,Infinity,0.8200,0,0,0,0,177928,9863400
120,false,RF,"2. NNI (Incremental)",29,false,Infinity,0.3856,0,0,0,0,121544,9863400
120,false,RF,"2. NNI (Incremental)",30,false,Infinity,0.3750,0,0,0,0,120240,9863400
120,false,RF,"2. NNI (Incremental)",31,false,Infinity,0.3870,0,0,0,0,121728,9863400
120,false,RF,"2. NNI (Incremental)",32,false,Infinity,0.8026,0,0,0,0,181640,9863400
120,false,RF,"2. NNI (Incremental)",33,false,Infinity,0.3782,0,0,0,0,120744,9863400
120,false,RF,"2. NNI (Incremental)",34,false,Infinity,0.3857,0,0,0,0,122944,9863400
120,false,RF,"2. NNI (Incremental)",35,false,Infinity,0.3777,0,0,0,0,120296,9863400
120,false,RF,"2. NNI (Incremental)",36,false,Infinity,0.5941,0,0,0,0,150712,9863400
120,false,RF,"2. NNI (Incremental)",37,false,Infinity,0.3632,0,0,0,0,120864,9863400
120,false,RF,"2. NNI (Incremental)",38,false,Infinity,0.3865,0,0,0,0,120872,9863400
120,false,RF,"2. NNI (Incremental)",39,false,Infinity,0.3844,0,0,0,0,122720,9863400
120,false,RF,"2. NNI (Incremental)",40,false,Infinity,0.3789,0,0,0,0,121112,9863400
120,false,RF,"2. NNI (Incremental)",41,false,Infinity,0.3803,0,0,0,0,122160,9863400
120,false,RF,"2. NNI (Incremental)",42,false,Infinity,0.3592,0,0,0,0,121232,9863400
120,false,RF,"2. NNI (Incremental)",43,false,Infinity,0.3857,0,0,0,0,123072,9863400
120,false,RF,"2. NNI (Incremental)",44,false,Infinity,0.3561,0,0,0,0,123392,9863400
120,false,RF,"2. NNI (Incremental)",45,false,Infinity,0.5766,0,0,0,0,152864,9863400
120,false,RF,"2. NNI (Incremental)",46,false,Infinity,0.3553,0,0,0,0,123144,9863400
120,false,RF,"2. NNI (Incremental)",47,false,Infinity,0.3536,0,0,0,0,122400,9863400
120,false,RF,"2. NNI (Incremental)",48,false,Infinity,0.3541,0,0,0,0,121992,9863400
120,false,RF,"2. NNI (Incremental)",49,false,Infinity,0.3575,0,0,0,0,122288,9863400
120,false,RF,"2. NNI (Incremental)",50,false,Infinity,0.3566,0,0,0,0,123896,9863400
120,false,RF,"2. NNI (Incremental)",51,false,Infinity,0.3576,0,0,0,0,122168,9863400
120,false,RF,"2. NNI (Incremental)",52,false,Infinity,0.3513,0,0,0,0,120608,9863400
120,false,RF,"2. NNI (Incremental)",53,false,Infinity,0.3599,0,0,0,0,124712,9863400
120,false,RF,"2. NNI (Incremental)",54,false,Infinity,0.3616,0,0,0,0,120144,9863400
120,false,RF,"2. NNI (Incremental)",55,false,Infinity,0.3515,0,0,0,0,120360,9863400
120,false,RF,"2. NNI (Incremental)",56,false,Infinity,0.3559,0,0,0,0,119504,9863400
120,false,RF,"2. NNI (Incremental)",57,false,Infinity,0.3523,0,0,0,0,121872,9863400
120,false,RF,"2. NNI (Incremental)",58,false,Infinity,0.3589,0,0,0,0,121776,9863400
120,false,RF,"2. NNI (Incremental)",59,false,Infinity,0.3548,0,0,0,0,121400,9863400
120,false,RF,"2. NNI (Incremental)",60,false,Infinity,0.5802,0,0,0,0,151728,9863400
120,false,RF,"2. NNI (Incremental)",61,false,Infinity,0.5706,0,0,0,0,150144,9863400
120,false,RF,"2. NNI (Incremental)",62,false,Infinity,0.3584,0,0,0,0,120424,9863400
120,false,RF,"2. NNI (Incremental)",63,false,Infinity,0.3523,0,0,0,0,121808,9863400
120,false,RF,"2. NNI (Incremental)",64,false,Infinity,0.3588,0,0,0,0,122864,9863400
120,false,RF,"2. NNI (Incremental)",65,false,Infinity,0.5767,0,0,0,0,150728,9863400
120,false,RF,"2. NNI (Incremental)",66,false,Infinity,0.3596,0,0,0,0,124392,9863400
120,false,RF,"2. NNI (Incremental)",67,false,Infinity,0.5767,0,0,0,0,152568,9863400
120,false,RF,"2. NNI (Incremental)",68,false,Infinity,0.3618,0,0,0,0,122728,9863400
120,false,RF,"2. NNI (Incremental)",69,false,Infinity,0.4910,0,0,0,0,154472,9863400
120,false,RF,"2. NNI (Incremental)",70,false,Infinity,0.2791,0,0,0,0,122760,9863400
120,false,RF,"2. NNI (Incremental)",71,false,Infinity,0.2756,0,0,0,0,119696,9863400
120,false,RF,"2. NNI (Incremental)",72,false,Infinity,0.2749,0,0,0,0,122368,9863400
120,false,RF,"2. NNI (Incremental)",73,false,Infinity,0.2748,0,0,0,0,119976,9863400
120,false,RF,"2. NNI (Incremental)",74,false,Infinity,0.2799,0,0,0,0,121408,9863400
120,false,RF,"2. NNI (Incremental)",75,false,Infinity,0.2813,0,0,0,0,122776,9863400
120,false,RF,"2. NNI (Incremental)",76,false,Infinity,0.2764,0,0,0,0,123152,9863400
120,false,RF,"2. NNI (Incremental)",77,false,Infinity,0.2767,0,0,0,0,123744,9863400
120,false,RF,"2. NNI (Incremental)",78,false,Infinity,0.2800,0,0,0,0,121288,9863400
120,false,RF,"2. NNI (Incremental)",79,false,Infinity,0.2741,0,0,0,0,124368,9863400
120,false,RF,"2. NNI (Incremental)",80,false,Infinity,0.4234,0,0,0,0,153864,9863400
120,false,RF,"2. NNI (Incremental)",81,false,Infinity,0.2799,0,0,0,0,121824,9863400
120,false,RF,"2. NNI (Incremental)",82,false,Infinity,0.2777,0,0,0,0,122960,9863400
120,false,RF,"2. NNI (Incremental)",83,false,Infinity,0.2839,0,0,0,0,120984,9863400
120,false,RF,"2. NNI (Incremental)",84,false,Infinity,0.4133,0,0,0,0,150400,9863400
120,false,RF,"2. NNI (Incremental)",85,false,Infinity,0.2738,0,0,0,0,120984,9863400
120,false,RF,"2. NNI (Incremental)",86,false,Infinity,0.2775,0,0,0,0,123056,9863400
120,false,RF,"2. NNI (Incremental)",87,false,Infinity,0.2735,0,0,0,0,120520,9863400
120,false,RF,"2. NNI (Incremental)",88,false,Infinity,0.2767,0,0,0,0,122280,9863400
120,false,RF,"2. NNI (Incremental)",89,false,Infinity,0.2755,0,0,0,0,124304,9863400
120,false,RF,"2. NNI (Incremental)",90,false,Infinity,0.2754,0,0,0,0,121432,9863400
120,false,RF,"2. NNI (Incremental)",91,false,Infinity,0.4148,0,0,0,0,151464,9863400
120,false,RF,"2. NNI (Incremental)",92,false,Infinity,0.2775,0,0,0,0,120056,9863400
120,false,RF,"2. NNI (Incremental)",93,false,Infinity,0.2782,0,0,0,0,124248,9863400
120,false,RF,"2. NNI (Incremental)",94,false,Infinity,0.4187,0,0,0,0,151304,9863400
120,false,RF,"2. NNI (Incremental)",95,false,Infinity,0.4106,0,0,0,0,150224,9863400
120,false,RF,"2. NNI (Incremental)",96,false,Infinity,0.1859,0,0,0,0,121792,9863400
120,false,RF,"2. NNI (Incremental)",97,false,Infinity,0.2397,0,0,0,0,121496,9863400
120,false,RF,"2. NNI (Incremental)",98,false,Infinity,0.4614,0,0,0,0,212240,9863400
120,false,RF,"2. NNI (Incremental)",99,false,Infinity,0.1283,0,0,0,0,120720,9863400
120,false,RF,"2. NNI (Incremental)",100,false,Infinity,0.1270,0,0,0,0,123064,9863400
120,false,RF,"5. VND NNI->ECR->SPR (Inc)",1,true,922.0000,27053.4013,173780,3928150,59531705,26989460500,61788082088,10312995040
120,false,RF,"5. VND NNI->ECR->SPR (Inc)",2,true,916.0000,27852.2412,67349,515571,14208922,27837375370,63898569912,10279498552
120,false,RF,"5. VND NNI->ECR->SPR (Inc)",3,true,837.0000,25085.7310,145166,900993,18495444,25066100744,57491495720,10279866632
120,false,RF,"5. VND NNI->ECR->SPR (Inc)",4,true,837.0000,26441.2113,69392,436050,5673930,26434951889,60658276384,10279513136
120,false,RF,"5. VND NNI->ECR->SPR (Inc)",5,true,906.0000,26745.4639,216010,1794161,16954954,26726412485,61313798256,10279545768
120,false,RF,"5. VND NNI->ECR->SPR (Inc)",6,true,856.0000,24429.2181,68701,458692,5796654,24422817420,55908940720,10279529624
120,false,RF,"5. VND NNI->ECR->SPR (Inc)",7,true,884.0000,26305.6224,71767,452510,5863992,26299158363,60295173136,10279545160
120,false,RF,"5. VND NNI->ECR->SPR (Inc)",8,true,810.0000,24392.7334,438694,888089,17016963,24374304825,55956189872,10279486584
120,false,RF,"5. VND NNI->ECR->SPR (Inc)",9,true,858.0000,28623.6098,145988,878060,17841360,28604660504,65665320864,10279611304
120,false,RF,"5. VND NNI->ECR->SPR (Inc)",10,true,911.0000,26084.4463,68931,439466,5842030,26078015515,59777664912,10279753720
120,false,RF,"5. VND NNI->ECR->SPR (Inc)",11,true,788.0000,26512.5334,143202,1399492,5991083,26504915098,60665610488,10279777528
120,false,RF,"5. VND NNI->ECR->SPR (Inc)",12,true,917.0000,27488.4729,69943,450708,5881976,27481995377,63140427640,10279918944
120,false,RF,"5. VND NNI->ECR->SPR (Inc)",13,true,795.0000,26457.3427,379792,2204592,17374723,26437289571,60748160760,10279788696
120,false,RF,"5. VND NNI->ECR->SPR (Inc)",14,true,808.0000,26295.6110,144785,2628129,5975394,26286784075,60087829208,10279782904
120,false,RF,"5. VND NNI->ECR->SPR (Inc)",15,true,908.0000,29044.8652,147831,1369184,5726721,29037542173,66666279552,10279812680
120,false,RF,"5. VND NNI->ECR->SPR (Inc)",16,true,859.0000,26907.2481,145446,1771638,6255577,26898995577,61641875768,10279882648
120,false,RF,"5. VND NNI->ECR->SPR (Inc)",17,true,915.0000,26373.2961,145065,889943,17371197,26354803621,60372740488,10279882648
120,false,RF,"5. VND NNI->ECR->SPR (Inc)",18,true,862.0000,26364.5988,73369,456448,5912354,26358080574,60405378536,10279803184
120,false,RF,"5. VND NNI->ECR->SPR (Inc)",19,true,941.0000,29942.1860,69692,447130,6280193,29935309998,68937408768,10279900784
120,false,RF,"5. VND NNI->ECR->SPR (Inc)",20,true,933.0000,27605.4009,143122,846300,26403874,27577926817,63275452552,10279871200
120,false,RF,"5. VND NNI->ECR->SPR (Inc)",21,true,833.0000,25173.3458,145687,874303,28386234,25143851594,57827934360,10279761048
120,false,RF,"5. VND NNI->ECR->SPR (Inc)",22,true,814.0000,24437.5585,367068,2171450,17421712,24417505122,56039485776,10279821320
120,false,RF,"5. VND NNI->ECR->SPR (Inc)",23,true,870.0000,24906.2384,217454,2144118,32785420,24871005193,57100341096,10279806104
120,false,RF,"5. VND NNI->ECR->SPR (Inc)",24,true,858.0000,26606.7151,72749,462299,6147231,26599955193,60907433168,10279905064
120,false,RF,"5. VND NNI->ECR->SPR (Inc)",25,true,790.0000,25199.0597,281405,858774,22117052,25175717435,57703568752,10279877752
120,false,RF,"5. VND NNI->ECR->SPR (Inc)",26,true,923.0000,26537.6352,139986,1328335,5735007,26530338938,60736637168,10279856952
120,false,RF,"5. VND NNI->ECR->SPR (Inc)",27,true,987.0000,26706.2909,68981,434786,6122383,26699586508,61207380056,10280015176
120,false,RF,"5. VND NNI->ECR->SPR (Inc)",28,true,853.0000,26140.2085,341059,1311023,5694880,26132778982,59735037856,10279953080
120,false,RF,"5. VND NNI->ECR->SPR (Inc)",29,true,909.0000,27473.5696,141088,1342163,5659854,27466342719,62908349536,10279849112
120,false,RF,"5. VND NNI->ECR->SPR (Inc)",30,true,805.0000,26469.0304,142290,858182,27249040,26440696279,60689383112,10279873016
120,false,RF,"5. VND NNI->ECR->SPR (Inc)",31,true,820.0000,27097.9332,222712,2165760,17951049,27077498339,62186554976,10279911288
120,false,RF,"5. VND NNI->ECR->SPR (Inc)",32,true,886.0000,27055.3179,266427,437061,5614628,27048913566,62075637184,10279888088
120,false,RF,"5. VND NNI->ECR->SPR (Inc)",33,true,901.0000,27135.3553,147932,1326182,5660816,27128131311,62200858528,10279916840
120,false,RF,"5. VND NNI->ECR->SPR (Inc)",34,true,885.0000,28800.0994,143442,1338215,5737842,28792795874,66084059968,10279944344
120,false,RF,"5. VND NNI->ECR->SPR (Inc)",35,true,778.0000,26109.0419,144885,1319740,5327631,26102165472,59815860192,10279904712
120,false,RF,"5. VND NNI->ECR->SPR (Inc)",36,true,844.0000,26324.5060,202976,442381,6240318,26317542179,60425012216,10280053872
120,false,RF,"5. VND NNI->ECR->SPR (Inc)",37,true,883.0000,28450.9005,219607,1768893,16340817,28432482683,65160110416,10279976984
120,false,RF,"5. VND NNI->ECR->SPR (Inc)",38,true,874.0000,26406.0824,218145,1805212,25600807,26378370610,60257682992,10280133424
120,false,RF,"5. VND NNI->ECR->SPR (Inc)",39,true,885.0000,27287.7251,148724,904270,17696785,27268889078,62245423304,10280052344
120,false,RF,"5. VND NNI->ECR->SPR (Inc)",40,true,887.0000,28456.3901,150246,1365297,6042922,28448748315,64919384352,10280043048
120,false,RF,"5. VND NNI->ECR->SPR (Inc)",41,true,919.0000,29639.0249,140548,1289933,5843854,29631669034,67699857096,10280007592
120,false,RF,"5. VND NNI->ECR->SPR (Inc)",42,true,902.0000,28345.7164,72528,443774,6193810,28338926560,64732736464,10280141808
120,false,RF,"5. VND NNI->ECR->SPR (Inc)",43,true,879.0000,27223.3923,146077,1334608,5880653,27215946715,62011451480,10280136792
120,false,RF,"5. VND NNI->ECR->SPR (Inc)",44,true,846.0000,26382.1248,225750,2208992,23020711,26356577745,60351758944,10280034456
120,false,RF,"5. VND NNI->ECR->SPR (Inc)",45,true,861.0000,26435.9762,203268,449114,5914407,26429328710,60343618296,10280067000
120,false,RF,"5. VND NNI->ECR->SPR (Inc)",46,true,894.0000,26901.9633,146830,1291385,6180394,26894256170,61738178360,10280164272
120,false,RF,"5. VND NNI->ECR->SPR (Inc)",47,true,915.0000,26689.2531,217564,1774806,24483160,26662691050,61295558696,10280178936
120,false,RF,"5. VND NNI->ECR->SPR (Inc)",48,true,830.0000,25568.1971,289069,2186648,28166016,25537461204,58292299920,10280079528
120,false,RF,"5. VND NNI->ECR->SPR (Inc)",49,true,859.0000,27663.5085,148032,1306906,5626761,27656340921,63041487128,10280109208
120,false,RF,"5. VND NNI->ECR->SPR (Inc)",50,true,820.0000,26793.1694,70924,460726,5969713,26786586543,61183899280,10280100016
120,false,RF,"5. VND NNI->ECR->SPR (Inc)",51,true,842.0000,28800.1661,148984,1719370,5695011,28792518037,65824875512,10280100016
120,false,RF,"5. VND NNI->ECR->SPR (Inc)",52,true,888.0000,25546.3992,142911,884703,21666606,25523613009,58656040296,10280083504
120,false,RF,"5. VND NNI->ECR->SPR (Inc)",53,true,873.0000,28316.0467,69312,446569,5910630,28309539114,65091465288,10280099688
120,false,RF,"5. VND NNI->ECR->SPR (Inc)",54,true,864.0000,27529.8475,68190,440968,5828965,27523428900,63047794784,10280131208
120,false,RF,"5. VND NNI->ECR->SPR (Inc)",55,true,923.0000,27651.9120,151078,938575,18391777,27632345837,63432983056,10280111256
120,false,RF,"5. VND NNI->ECR->SPR (Inc)",56,true,843.0000,28522.6466,146900,1314690,5819026,28515282513,65370636920,10280095896
120,false,RF,"5. VND NNI->ECR->SPR (Inc)",57,true,801.0000,28038.5593,144115,887398,17990865,28019452260,64338303928,10280126848
120,false,RF,"5. VND NNI->ECR->SPR (Inc)",58,true,841.0000,27787.1835,67329,452039,6340197,27780246041,63683952952,10280187248
120,false,RF,"5. VND NNI->ECR->SPR (Inc)",59,true,807.0000,28464.6527,69091,455817,6045828,28458004693,65295340888,10280178488
120,false,RF,"5. VND NNI->ECR->SPR (Inc)",60,true,906.0000,27394.7845,202454,449615,5939706,27388108499,62852806768,10280122776
120,false,RF,"5. VND NNI->ECR->SPR (Inc)",61,true,814.0000,27672.3140,288799,875274,16739304,27654314987,63488404088,10280122776
120,false,RF,"5. VND NNI->ECR->SPR (Inc)",62,true,846.0000,30253.7788,67108,427363,5883489,30247319878,69445624392,10280178936
120,false,RF,"5. VND NNI->ECR->SPR (Inc)",63,true,852.0000,27796.6615,143293,1712787,5711593,27789010369,63728960040,10280203416
120,false,RF,"5. VND NNI->ECR->SPR (Inc)",64,true,856.0000,25702.5872,220951,1803138,19108701,25681368716,58987713928,10280204232
120,false,RF,"5. VND NNI->ECR->SPR (Inc)",65,true,857.0000,25740.7990,206612,447300,6203948,25733859863,59077610056,10280219800
120,false,RF,"5. VND NNI->ECR->SPR (Inc)",66,true,828.0000,25730.0134,142051,897025,25642576,25703248508,59018976456,10280289848
120,false,RF,"5. VND NNI->ECR->SPR (Inc)",67,true,826.0000,28113.6290,369121,3484727,18398700,28091281433,64466344872,10280242184
120,false,RF,"5. VND NNI->ECR->SPR (Inc)",68,true,827.0000,27390.3708,147160,915110,17818307,27371404063,62954945520,10280181912
120,false,RF,"5. VND NNI->ECR->SPR (Inc)",69,true,786.0000,25891.5690,287907,899051,17970837,25872322549,59370285328,10280202792
120,false,RF,"5. VND NNI->ECR->SPR (Inc)",70,true,818.0000,26483.5229,144284,913848,16853261,26465525555,60628130456,10280180312
120,false,RF,"5. VND NNI->ECR->SPR (Inc)",71,true,873.0000,26000.6357,73389,460626,5659403,25994362021,59643299208,10280173128
120,false,RF,"5. VND NNI->ECR->SPR (Inc)",72,true,839.0000,29710.0253,230529,1686146,17362830,29690652255,68264094632,10280182432
120,false,RF,"5. VND NNI->ECR->SPR (Inc)",73,true,816.0000,28108.1840,136510,1376126,6072730,28100518001,64469016840,10280278928
120,false,RF,"5. VND NNI->ECR->SPR (Inc)",74,true,863.0000,28593.1997,163311,1379865,5972518,28585598229,65632371680,10280251400
120,false,RF,"5. VND NNI->ECR->SPR (Inc)",75,true,831.0000,26552.0650,148873,871547,17018065,26533939163,60922044520,10280177784
120,false,RF,"5. VND NNI->ECR->SPR (Inc)",76,true,917.0000,29457.4985,70624,460466,6074733,29450811007,67730610016,10280184472
120,false,RF,"5. VND NNI->ECR->SPR (Inc)",77,true,910.0000,26443.6715,150256,907827,23860818,26418666017,60680222928,10280197104
120,false,RF,"5. VND NNI->ECR->SPR (Inc)",78,true,875.0000,27666.2993,74912,431270,5705701,27660004969,63476132104,10280155304
120,false,RF,"5. VND NNI->ECR->SPR (Inc)",79,true,844.0000,28545.6911,146508,1705584,5782728,28537971052,65568677216,10280235880
120,false,RF,"5. VND NNI->ECR->SPR (Inc)",80,true,850.0000,26474.4057,205120,429436,5482216,26468205953,60631689712,10280185784
120,false,RF,"5. VND NNI->ECR->SPR (Inc)",81,true,826.0000,25177.1537,151579,1797629,5818075,25169301746,57643576400,10280176760
120,false,RF,"5. VND NNI->ECR->SPR (Inc)",82,true,868.0000,27540.0180,68129,451699,5733804,27533685015,63261735016,10280205904
120,false,RF,"5. VND NNI->ECR->SPR (Inc)",83,true,874.0000,28330.6097,215080,2173984,17261168,28310870593,65089964608,10280195152
120,false,RF,"5. VND NNI->ECR->SPR (Inc)",84,true,842.0000,29474.6416,278931,882139,22277568,29451116477,67485278896,10280220648
120,false,RF,"5. VND NNI->ECR->SPR (Inc)",85,true,940.0000,31196.8608,68911,438504,5763120,31190514454,71549085840,10280272944
120,false,RF,"5. VND NNI->ECR->SPR (Inc)",86,true,814.0000,27702.4611,164713,999522,23659005,27677537144,63532591152,10280328752
120,false,RF,"5. VND NNI->ECR->SPR (Inc)",87,true,909.0000,28920.7947,69001,444045,5670204,28914530973,66375269984,10280289976
120,false,RF,"5. VND NNI->ECR->SPR (Inc)",88,true,848.0000,24604.0630,68690,444004,5889170,24597581906,56207689376,10280359872
120,false,RF,"5. VND NNI->ECR->SPR (Inc)",89,true,889.0000,27084.9662,146088,945457,25270240,27058511723,62080213176,10280364296
120,false,RF,"5. VND NNI->ECR->SPR (Inc)",90,true,839.0000,31399.5872,214949,2142253,17483150,31379656900,72020447712,10280363256
120,false,RF,"5. VND NNI->ECR->SPR (Inc)",91,true,852.0000,26168.9913,291174,1354707,6193680,26161069389,59843492224,10280401792
120,false,RF,"5. VND NNI->ECR->SPR (Inc)",92,true,947.0000,27591.4511,68751,433034,5649034,27585219992,63346942768,10280342504
120,false,RF,"5. VND NNI->ECR->SPR (Inc)",93,true,842.0000,25982.7648,222914,1801827,24991571,25955659445,59725345560,10280388296
120,false,RF,"5. VND NNI->ECR->SPR (Inc)",94,true,879.0000,26287.4641,370865,1699563,16017002,26269284275,60272372088,10280344872
120,false,RF,"5. VND NNI->ECR->SPR (Inc)",95,true,793.0000,26935.8934,273641,880957,17116212,26917537052,61804084440,10280359912
120,false,RF,"5. VND NNI->ECR->SPR (Inc)",96,true,881.0000,27181.1757,143102,1336202,6168361,27173443270,62296920992,10280449104
120,false,RF,"5. VND NNI->ECR->SPR (Inc)",97,true,906.0000,27103.1570,70204,458432,6107395,27096439694,62178571320,10280501160
120,false,RF,"5. VND NNI->ECR->SPR (Inc)",98,true,847.0000,26771.2395,397917,879634,22298789,26747574181,61513040584,10280404760
120,false,RF,"5. VND NNI->ECR->SPR (Inc)",99,true,810.0000,27429.1877,140537,869844,16930589,27411159597,62978245032,10280335528
120,false,RF,"5. VND NNI->ECR->SPR (Inc)",100,true,841.0000,24716.7499,147010,1280044,5503117,24709736783,56696028024,10280367024
120,false,RF,"6. VND NNI->SPR (Inc)",1,true,922.0000,27030.3812,74512,0,0,27030198485,61754100784,10313139032
120,false,RF,"6. VND NNI->SPR (Inc)",2,true,916.0000,27869.5347,67639,0,0,27869395313,63866150944,10279538176
120,false,RF,"6. VND NNI->SPR (Inc)",3,true,838.0000,25223.2325,69142,0,0,25223088621,57764741192,10279620728
120,false,RF,"6. VND NNI->SPR (Inc)",4,true,837.0000,26447.6260,68119,0,0,26447482520,60626449312,10279570760
120,false,RF,"6. VND NNI->SPR (Inc)",5,true,908.0000,27202.3091,68029,0,0,27202168041,62318411040,10279555944
120,false,RF,"6. VND NNI->SPR (Inc)",6,true,856.0000,24430.9060,69612,0,0,24430765308,55877029496,10279554696
120,false,RF,"6. VND NNI->SPR (Inc)",7,true,884.0000,26300.8577,69402,0,0,26300708962,60262698440,10279552576
120,false,RF,"6. VND NNI->SPR (Inc)",8,true,814.0000,24614.1448,316332,0,0,24613752899,56402483536,10279577192
120,false,RF,"6. VND NNI->SPR (Inc)",9,true,858.0000,28807.6944,70955,0,0,28807540353,66084901496,10279595528
120,false,RF,"6. VND NNI->SPR (Inc)",10,true,911.0000,26070.1023,68180,0,0,26069963392,59745394680,10279748032
120,false,RF,"6. VND NNI->SPR (Inc)",11,true,788.0000,26727.2944,67508,0,0,26727157613,61123767184,10279764592
120,false,RF,"6. VND NNI->SPR (Inc)",12,true,917.0000,27502.6867,68550,0,0,27502543714,63107458720,10279937336
120,false,RF,"6. VND NNI->SPR (Inc)",13,true,799.0000,27182.5273,200702,0,0,27182252025,62354782176,10279753528
120,false,RF,"6. VND NNI->SPR (Inc)",14,true,815.0000,27012.0747,72207,0,0,27011929841,62011673000,10279785656
120,false,RF,"6. VND NNI->SPR (Inc)",15,true,908.0000,29301.0505,70334,0,0,29300907223,67200542480,10279815664
120,false,RF,"6. VND NNI->SPR (Inc)",16,true,859.0000,27400.3549,69072,0,0,27400207778,62822269864,10279818904
120,false,RF,"6. VND NNI->SPR (Inc)",17,true,915.0000,26516.3489,70534,0,0,26516198175,60765689848,10279818904
120,false,RF,"6. VND NNI->SPR (Inc)",18,true,862.0000,26320.8320,71877,0,0,26320688090,60372786520,10279807448
120,false,RF,"6. VND NNI->SPR (Inc)",19,true,941.0000,29934.3882,69572,0,0,29934245002,68902514360,10279822320
120,false,RF,"6. VND NNI->SPR (Inc)",20,true,951.0000,27428.4282,68340,0,0,27428288584,62876664904,10279799080
120,false,RF,"6. VND NNI->SPR (Inc)",21,true,836.0000,26327.3975,66887,0,0,26327260005,60375116456,10279789976
120,false,RF,"6. VND NNI->SPR (Inc)",22,true,795.0000,24882.1583,216993,0,0,24881866300,57095274360,10279783944
120,false,RF,"6. VND NNI->SPR (Inc)",23,true,879.0000,27190.9380,68660,0,0,27190798162,62338750992,10279825288
120,false,RF,"6. VND NNI->SPR (Inc)",24,true,858.0000,26583.1905,69963,0,0,26583044589,60873482504,10279844264
120,false,RF,"6. VND NNI->SPR (Inc)",25,true,791.0000,25427.4160,201724,0,0,25427140703,58135503608,10279843832
120,false,RF,"6. VND NNI->SPR (Inc)",26,true,923.0000,26775.3453,67549,0,0,26775205381,61212353368,10279855408
120,false,RF,"6. VND NNI->SPR (Inc)",27,true,987.0000,26709.8043,68561,0,0,26709662163,61173614432,10279882544
120,false,RF,"6. VND NNI->SPR (Inc)",28,true,853.0000,26355.4025,260716,0,0,26355061543,60225783048,10279842344
120,false,RF,"6. VND NNI->SPR (Inc)",29,true,909.0000,27688.3235,73790,0,0,27688177551,63363864648,10279893504
120,false,RF,"6. VND NNI->SPR (Inc)",30,true,801.0000,26895.1280,66888,0,0,26894988698,61587003680,10279913112
120,false,RF,"6. VND NNI->SPR (Inc)",31,true,823.0000,27884.4924,69763,0,0,27884345774,63917102504,10279880096
120,false,RF,"6. VND NNI->SPR (Inc)",32,true,886.0000,27074.4684,261538,0,0,27074129809,62044452272,10279902648
120,false,RF,"6. VND NNI->SPR (Inc)",33,true,901.0000,27366.2329,69843,0,0,27366085354,62728857064,10279927664
120,false,RF,"6. VND NNI->SPR (Inc)",34,true,885.0000,29060.5007,71366,0,0,29060357370,66618278832,10279976808
120,false,RF,"6. VND NNI->SPR (Inc)",35,true,778.0000,26370.2533,68881,0,0,26370110954,60288794592,10279952264
120,false,RF,"6. VND NNI->SPR (Inc)",36,true,844.0000,26351.1720,204650,0,0,26350891984,60391044008,10279956104
120,false,RF,"6. VND NNI->SPR (Inc)",37,true,877.0000,28871.8417,69122,0,0,28871700462,66185924176,10279970792
120,false,RF,"6. VND NNI->SPR (Inc)",38,true,876.0000,26801.0412,68590,0,0,26800900085,61461108848,10280029480
120,false,RF,"6. VND NNI->SPR (Inc)",39,true,882.0000,27352.2865,68681,0,0,27352146755,62745961560,10280047576
120,false,RF,"6. VND NNI->SPR (Inc)",40,true,887.0000,28567.3856,67869,0,0,28567245346,65471639688,10279989712
120,false,RF,"6. VND NNI->SPR (Inc)",41,true,919.0000,29717.4072,73289,0,0,29717247569,68198903112,10280038680
120,false,RF,"6. VND NNI->SPR (Inc)",42,true,902.0000,28179.8965,68821,0,0,28179753495,64698696360,10280033696
120,false,RF,"6. VND NNI->SPR (Inc)",43,true,879.0000,27329.7727,75394,0,0,27329624795,62498802720,10280065048
120,false,RF,"6. VND NNI->SPR (Inc)",44,true,849.0000,27020.7648,74211,0,0,27020612723,61963536480,10280037800
120,false,RF,"6. VND NNI->SPR (Inc)",45,true,861.0000,26337.3055,206904,0,0,26337022989,60310899992,10280037800
120,false,RF,"6. VND NNI->SPR (Inc)",46,true,894.0000,27186.2990,70444,0,0,27186156496,62282273432,10280075048
120,false,RF,"6. VND NNI->SPR (Inc)",47,true,881.0000,28061.5758,69172,0,0,28061434391,64305663248,10280105880
120,false,RF,"6. VND NNI->SPR (Inc)",48,true,832.0000,26176.6651,75554,0,0,26176512989,59807614912,10280100952
120,false,RF,"6. VND NNI->SPR (Inc)",49,true,859.0000,27744.7028,71767,0,0,27744558113,63575425480,10280088456
120,false,RF,"6. VND NNI->SPR (Inc)",50,true,820.0000,26787.2963,69963,0,0,26787148954,61150929288,10280112512
120,false,RF,"6. VND NNI->SPR (Inc)",51,true,843.0000,29161.4152,69612,0,0,29161274039,66934587880,10280085432
120,false,RF,"6. VND NNI->SPR (Inc)",52,true,882.0000,25995.2026,69392,0,0,25995061103,59360316288,10280095872
120,false,RF,"6. VND NNI->SPR (Inc)",53,true,873.0000,28492.9836,73129,0,0,28492834726,65058673664,10280104880
120,false,RF,"6. VND NNI->SPR (Inc)",54,true,864.0000,27475.0516,69001,0,0,27474908519,63015534696,10280103144
120,false,RF,"6. VND NNI->SPR (Inc)",55,true,925.0000,27839.0403,75023,0,0,27838892845,63863923576,10280088504
120,false,RF,"6. VND NNI->SPR (Inc)",56,true,843.0000,28728.7389,70033,0,0,28728594241,65918587368,10280085808
120,false,RF,"6. VND NNI->SPR (Inc)",57,true,807.0000,28310.3296,69582,0,0,28310188700,64900865624,10280087768
120,false,RF,"6. VND NNI->SPR (Inc)",58,true,841.0000,27768.0239,66898,0,0,27767883602,63648895280,10280103704
120,false,RF,"6. VND NNI->SPR (Inc)",59,true,807.0000,28463.9883,69132,0,0,28463845937,65261685112,10280094792
120,false,RF,"6. VND NNI->SPR (Inc)",60,true,906.0000,27398.2297,205471,0,0,27397951471,62820047128,10280101952
120,false,RF,"6. VND NNI->SPR (Inc)",61,true,815.0000,27886.7587,202976,0,0,27886479013,63900637792,10280088720
120,false,RF,"6. VND NNI->SPR (Inc)",62,true,846.0000,30259.9297,68710,0,0,30259785590,69412900008,10280130152
120,false,RF,"6. VND NNI->SPR (Inc)",63,true,852.0000,28292.5457,68681,0,0,28292404307,64814748000,10280174832
120,false,RF,"6. VND NNI->SPR (Inc)",64,true,856.0000,26193.5780,70414,0,0,26193435437,60125581640,10280130088
120,false,RF,"6. VND NNI->SPR (Inc)",65,true,857.0000,25763.8542,214938,0,0,25763562471,59043585080,10280156744
120,false,RF,"6. VND NNI->SPR (Inc)",66,true,828.0000,25989.5926,71777,0,0,25989440461,59286778016,10280184560
120,false,RF,"6. VND NNI->SPR (Inc)",67,true,815.0000,29774.2285,201133,0,0,29773943915,68066323232,10280184560
120,false,RF,"6. VND NNI->SPR (Inc)",68,true,818.0000,28900.3677,72638,0,0,28900213158,65872440216,10280151096
120,false,RF,"6. VND NNI->SPR (Inc)",69,true,789.0000,26127.2312,208106,0,0,26126949466,59823529672,10280154344
120,false,RF,"6. VND NNI->SPR (Inc)",70,true,821.0000,26689.7722,71145,0,0,26689617405,61098870216,10280173328
120,false,RF,"6. VND NNI->SPR (Inc)",71,true,873.0000,25999.0105,73640,0,0,25998863572,59612260048,10280202360
120,false,RF,"6. VND NNI->SPR (Inc)",72,true,839.0000,30313.7062,70284,0,0,30313563423,69568238560,10280180872
120,false,RF,"6. VND NNI->SPR (Inc)",73,true,816.0000,28320.1143,67037,0,0,28319965821,64960680952,10280187640
120,false,RF,"6. VND NNI->SPR (Inc)",74,true,863.0000,28833.7922,69182,0,0,28833649473,66152706376,10280203624
120,false,RF,"6. VND NNI->SPR (Inc)",75,true,833.0000,26824.5345,67969,0,0,26824395375,61475594816,10280169040
120,false,RF,"6. VND NNI->SPR (Inc)",76,true,917.0000,29493.3800,69752,0,0,29493229881,67697291664,10280193240
120,false,RF,"6. VND NNI->SPR (Inc)",77,true,903.0000,26734.8535,70614,0,0,26734711944,61360451576,10280201496
120,false,RF,"6. VND NNI->SPR (Inc)",78,true,875.0000,27625.8920,67779,0,0,27625753380,63445275520,10280201272
120,false,RF,"6. VND NNI->SPR (Inc)",79,true,844.0000,29053.8157,69823,0,0,29053674251,66593854752,10280194088
120,false,RF,"6. VND NNI->SPR (Inc)",80,true,850.0000,26471.5431,203207,0,0,26471265718,60601177200,10280195048
120,false,RF,"6. VND NNI->SPR (Inc)",81,true,826.0000,25595.5226,72448,0,0,25595377677,58651268008,10280210936
120,false,RF,"6. VND NNI->SPR (Inc)",82,true,868.0000,27577.1442,69693,0,0,27576990957,63229800128,10280219744
120,false,RF,"6. VND NNI->SPR (Inc)",83,true,871.0000,29078.0752,68050,0,0,29077927646,66753238136,10280215368
120,false,RF,"6. VND NNI->SPR (Inc)",84,true,839.0000,29544.1555,206873,0,0,29543870096,67678195560,10280194720
120,false,RF,"6. VND NNI->SPR (Inc)",85,true,940.0000,31189.9546,68790,0,0,31189808902,71516841376,10280248472
120,false,RF,"6. VND NNI->SPR (Inc)",86,true,823.0000,28080.5786,71657,0,0,28080434705,64340424552,10280271224
120,false,RF,"6. VND NNI->SPR (Inc)",87,true,909.0000,28938.1812,69613,0,0,28938037382,66344319336,10280260488
120,false,RF,"6. VND NNI->SPR (Inc)",88,true,848.0000,24593.2181,68320,0,0,24593077164,56175329584,10280256392
120,false,RF,"6. VND NNI->SPR (Inc)",89,true,892.0000,27227.6026,70203,0,0,27227457767,62310462712,10280282352
120,false,RF,"6. VND NNI->SPR (Inc)",90,true,842.0000,32121.0236,70975,0,0,32120879674,73849072120,10280282352
120,false,RF,"6. VND NNI->SPR (Inc)",91,true,852.0000,26357.9412,203888,0,0,26357661442,60306559200,10280251504
120,false,RF,"6. VND NNI->SPR (Inc)",92,true,947.0000,27727.7304,66917,0,0,27727592832,63316136784,10280299256
120,false,RF,"6. VND NNI->SPR (Inc)",93,true,844.0000,27004.8483,70784,0,0,27004703707,61613290088,10280316576
120,false,RF,"6. VND NNI->SPR (Inc)",94,true,883.0000,26759.6501,206974,0,0,26759367442,61138256952,10280291992
120,false,RF,"6. VND NNI->SPR (Inc)",95,true,782.0000,26416.4531,201633,0,0,26416178364,60579613992,10280275592
120,false,RF,"6. VND NNI->SPR (Inc)",96,true,881.0000,27382.6584,72378,0,0,27382506869,62822072960,10280328992
120,false,RF,"6. VND NNI->SPR (Inc)",97,true,906.0000,27162.8511,70895,0,0,27162707410,62144997840,10280377440
120,false,RF,"6. VND NNI->SPR (Inc)",98,true,846.0000,27160.2977,331750,0,0,27159893647,62015195328,10280350800
120,false,RF,"6. VND NNI->SPR (Inc)",99,true,818.0000,27701.5438,74432,0,0,27701393401,63369922504,10280371648
120,false,RF,"6. VND NNI->SPR (Inc)",100,true,841.0000,24921.9151,69252,0,0,24921769541,57183089144,10280388424
120,false,MS,"1. NNI (Classic)",1,false,Infinity,3114.2660,0,0,0,0,1614296912,1622337800
120,false,MS,"1. NNI (Classic)",2,false,Infinity,3560.3933,0,0,0,0,1796839256,3400722696
120,false,MS,"1. NNI (Classic)",3,false,Infinity,3253.5915,0,0,0,0,1708849072,5111998728
120,false,MS,"1. NNI (Classic)",4,false,Infinity,3133.3868,0,0,0,0,1607759432,6722611464
120,false,MS,"1. NNI (Classic)",5,false,Infinity,3892.0007,0,0,0,0,2011120856,8735877384
120,false,MS,"1. NNI (Classic)",6,false,Infinity,2994.8891,0,0,0,0,1567967616,10523903352
120,false,MS,"1. NNI (Classic)",7,false,Infinity,4052.3918,0,0,0,0,2112081224,2336621944
120,false,MS,"1. NNI (Classic)",8,false,Infinity,3282.2788,0,0,0,0,1694705728,4014343544
120,false,MS,"1. NNI (Classic)",9,false,Infinity,3519.1057,0,0,0,0,1836015192,5859837304
120,false,MS,"1. NNI (Classic)",10,false,Infinity,3821.2244,0,0,0,0,1931562264,7772439928
120,false,MS,"1. NNI (Classic)",11,false,Infinity,3667.1470,0,0,0,0,1871311456,9651488120
120,false,MS,"1. NNI (Classic)",12,false,Infinity,3400.6305,0,0,0,0,1789555128,10289022328
120,false,MS,"1. NNI (Classic)",13,false,Infinity,3376.8271,0,0,0,0,1740552992,2991481432
120,false,MS,"1. NNI (Classic)",14,false,Infinity,4046.9474,0,0,0,0,2047836240,5038301784
120,false,MS,"1. NNI (Classic)",15,false,Infinity,5351.7498,0,0,0,0,2762174152,7823319640
120,false,MS,"1. NNI (Classic)",16,false,Infinity,3338.1595,0,0,0,0,1749063536,9568150104
120,false,MS,"1. NNI (Classic)",17,false,Infinity,3658.4534,0,0,0,0,1834929472,10319778696
120,false,MS,"1. NNI (Classic)",18,false,Infinity,3142.7020,0,0,0,0,1612875400,2837140360
120,false,MS,"1. NNI (Classic)",19,false,Infinity,3618.3964,0,0,0,0,1837258544,4649079688
120,false,MS,"1. NNI (Classic)",20,false,Infinity,4087.4832,0,0,0,0,2106312320,6763008904
120,false,MS,"1. NNI (Classic)",21,false,Infinity,3635.3763,0,0,0,0,1833230760,8608502664
120,false,MS,"1. NNI (Classic)",22,false,Infinity,3144.4709,0,0,0,0,1556959664,10152006536
120,false,MS,"1. NNI (Classic)",23,false,Infinity,4070.4377,0,0,0,0,2052922608,10286224264
120,false,MS,"1. NNI (Classic)",24,false,Infinity,3078.3457,0,0,0,0,1571377000,3525081832
120,false,MS,"1. NNI (Classic)",25,false,Infinity,3096.8052,0,0,0,0,1577256024,5102140136
120,false,MS,"1. NNI (Classic)",26,false,Infinity,3387.3720,0,0,0,0,1699119368,6813416168
120,false,MS,"1. NNI (Classic)",27,false,Infinity,3670.5253,0,0,0,0,1869927064,8692464360
120,false,MS,"1. NNI (Classic)",28,false,Infinity,4739.6616,0,0,0,0,2414043424,10496412992
120,false,MS,"1. NNI (Classic)",29,false,Infinity,3323.5299,0,0,0,0,1703782272,2711784768
120,false,MS,"1. NNI (Classic)",30,false,Infinity,3662.3483,0,0,0,0,1880670816,4590832960
120,false,MS,"1. NNI (Classic)",31,false,Infinity,3926.1778,0,0,0,0,2016199672,6637653312
120,false,MS,"1. NNI (Classic)",32,false,Infinity,2533.7804,0,0,0,0,1340485704,7979830592
120,false,MS,"1. NNI (Classic)",33,false,Infinity,4899.8829,0,0,0,0,2563878160,10400506056
120,false,MS,"1. NNI (Classic)",34,false,Infinity,3326.0281,0,0,0,0,1750808680,2313887944
120,false,MS,"1. NNI (Classic)",35,false,Infinity,4049.0149,0,0,0,0,2023087296,4327153864
120,false,MS,"1. NNI (Classic)",36,false,Infinity,2736.8211,0,0,0,0,1427052696,5769994440
120,false,MS,"1. NNI (Classic)",37,false,Infinity,3694.1000,0,0,0,0,1881119784,7649042632
120,false,MS,"1. NNI (Classic)",38,false,Infinity,3196.4375,0,0,0,0,1655737720,9293209800
120,false,MS,"1. NNI (Classic)",39,false,Infinity,3249.9153,0,0,0,0,1650499696,10299842760
120,false,MS,"1. NNI (Classic)",40,false,Infinity,4528.2396,0,0,0,0,2363945088,3191699240
120,false,MS,"1. NNI (Classic)",41,false,Infinity,3936.0409,0,0,0,0,2024778216,5204965160
120,false,MS,"1. NNI (Classic)",42,false,Infinity,3655.6249,0,0,0,0,1879283480,7084013352
120,false,MS,"1. NNI (Classic)",43,false,Infinity,3182.4371,0,0,0,0,1661151144,8761734952
120,false,MS,"1. NNI (Classic)",44,false,Infinity,3826.4756,0,0,0,0,1964531312,10362304952
120,false,MS,"1. NNI (Classic)",45,false,Infinity,2751.2396,0,0,0,0,1345499096,2007251384
120,false,MS,"1. NNI (Classic)",46,false,Infinity,4217.0563,0,0,0,0,2155816832,4154735032
120,false,MS,"1. NNI (Classic)",47,false,Infinity,3841.5284,0,0,0,0,1964378528,6100892088
120,false,MS,"1. NNI (Classic)",48,false,Infinity,3899.6445,0,0,0,0,2012812160,8114158008
120,false,MS,"1. NNI (Classic)",49,false,Infinity,4202.7186,0,0,0,0,2196002424,10380044552
120,false,MS,"1. NNI (Classic)",50,false,Infinity,2668.9334,0,0,0,0,1389888264,1723001096
120,false,MS,"1. NNI (Classic)",51,false,Infinity,3581.6907,0,0,0,0,1795452824,3534940424
120,false,MS,"1. NNI (Classic)",52,false,Infinity,3907.3247,0,0,0,0,2011572480,5548206344
120,false,MS,"1. NNI (Classic)",53,false,Infinity,3271.1523,0,0,0,0,1702380528,7225927944
120,false,MS,"1. NNI (Classic)",54,false,Infinity,2672.0253,0,0,0,0,1392231248,8635214088
120,false,MS,"1. NNI (Classic)",55,false,Infinity,3585.6136,0,0,0,0,1837711496,10312935688
120,false,MS,"1. NNI (Classic)",56,false,Infinity,3249.0354,0,0,0,0,1657891768,2072201560
120,false,MS,"1. NNI (Classic)",57,false,Infinity,4386.8585,0,0,0,0,2238432272,4320348504
120,false,MS,"1. NNI (Classic)",58,false,Infinity,3137.4552,0,0,0,0,1608974120,5930961240
120,false,MS,"1. NNI (Classic)",59,false,Infinity,4755.8805,0,0,0,0,2406141776,8313325912
120,false,MS,"1. NNI (Classic)",60,false,Infinity,3274.4395,0,0,0,0,1740015776,10058156376
120,false,MS,"1. NNI (Classic)",61,false,Infinity,4296.8970,0,0,0,0,2192246664,10293037400
120,false,MS,"1. NNI (Classic)",62,false,Infinity,3407.6187,0,0,0,0,1706563696,3750281968
120,false,MS,"1. NNI (Classic)",63,false,Infinity,5415.9486,0,0,0,0,2731747872,6468190960
120,false,MS,"1. NNI (Classic)",64,false,Infinity,3623.4412,0,0,0,0,1841597360,8313684720
120,false,MS,"1. NNI (Classic)",65,false,Infinity,3223.3608,0,0,0,0,1658525832,9957851888
120,false,MS,"1. NNI (Classic)",66,false,Infinity,4189.5008,0,0,0,0,2146449584,10295074064
120,false,MS,"1. NNI (Classic)",67,false,Infinity,4462.5712,0,0,0,0,2248321496,4121058576
120,false,MS,"1. NNI (Classic)",68,false,Infinity,3884.1169,0,0,0,0,2012690952,6134324496
120,false,MS,"1. NNI (Classic)",69,false,Infinity,4317.9787,0,0,0,0,2235751096,8382471440
120,false,MS,"1. NNI (Classic)",70,false,Infinity,4252.1223,0,0,0,0,2147994888,10503255560
120,false,MS,"1. NNI (Classic)",71,false,Infinity,4341.8831,0,0,0,0,2212280288,2718627336
120,false,MS,"1. NNI (Classic)",72,false,Infinity,3664.5585,0,0,0,0,1798200640,4497012232
120,false,MS,"1. NNI (Classic)",73,false,Infinity,2987.7160,0,0,0,0,1480167824,6006961672
120,false,MS,"1. NNI (Classic)",74,false,Infinity,3902.3542,0,0,0,0,2009079456,7986673160
120,false,MS,"1. NNI (Classic)",75,false,Infinity,4588.6599,0,0,0,0,2367081256,10367444712
120,false,MS,"1. NNI (Classic)",76,false,Infinity,3267.9736,0,0,0,0,1699740840,2113054440
120,false,MS,"1. NNI (Classic)",77,false,Infinity,3336.9873,0,0,0,0,1741647520,3857884904
120,false,MS,"1. NNI (Classic)",78,false,Infinity,4045.3906,0,0,0,0,2063962792,5904705256
120,false,MS,"1. NNI (Classic)",79,false,Infinity,2728.0519,0,0,0,0,1386478504,7280436968
120,false,MS,"1. NNI (Classic)",80,false,Infinity,3734.5253,0,0,0,0,1928649080,9226594024
120,false,MS,"1. NNI (Classic)",81,false,Infinity,3226.4182,0,0,0,0,1652781288,10300335848
120,false,MS,"1. NNI (Classic)",82,false,Infinity,3286.3133,0,0,0,0,1705321928,2468433592
120,false,MS,"1. NNI (Classic)",83,false,Infinity,2995.9172,0,0,0,0,1571509296,4045491896
120,false,MS,"1. NNI (Classic)",84,false,Infinity,4399.9738,0,0,0,0,2240695464,6293638840
120,false,MS,"1. NNI (Classic)",85,false,Infinity,3255.7198,0,0,0,0,1660095872,7937806008
120,false,MS,"1. NNI (Classic)",86,false,Infinity,3233.5589,0,0,0,0,1657931848,9615527608
120,false,MS,"1. NNI (Classic)",87,false,Infinity,4329.9980,0,0,0,0,2234089208,10286662840
120,false,MS,"1. NNI (Classic)",88,false,Infinity,3376.4434,0,0,0,0,1742790136,3414493640
120,false,MS,"1. NNI (Classic)",89,false,Infinity,4054.9297,0,0,0,0,2069070096,5494868424
120,false,MS,"1. NNI (Classic)",90,false,Infinity,4612.4458,0,0,0,0,2349208352,7843678664
120,false,MS,"1. NNI (Classic)",91,false,Infinity,3609.1190,0,0,0,0,1795437248,9622063560
120,false,MS,"1. NNI (Classic)",92,false,Infinity,3647.2189,0,0,0,0,1878753120,10293152200
120,false,MS,"1. NNI (Classic)",93,false,Infinity,3877.7951,0,0,0,0,2020165456,3328168480
120,false,MS,"1. NNI (Classic)",94,false,Infinity,4385.1283,0,0,0,0,2193010280,5542760992
120,false,MS,"1. NNI (Classic)",95,false,Infinity,3250.4897,0,0,0,0,1655314336,7186928160
120,false,MS,"1. NNI (Classic)",96,false,Infinity,3399.0215,0,0,0,0,1702385312,8898204192
120,false,MS,"1. NNI (Classic)",97,false,Infinity,3329.2935,0,0,0,0,1701761016,10406669840
120,false,MS,"1. NNI (Classic)",98,false,Infinity,3940.5736,0,0,0,0,2011601192,2521378320
120,false,MS,"1. NNI (Classic)",99,false,Infinity,3854.4045,0,0,0,0,1969497576,4467535376
120,false,MS,"1. NNI (Classic)",100,false,Infinity,3489.3385,0,0,0,0,1790156376,6279474704
120,false,MS,"2. NNI (Incremental)",1,false,Infinity,41.2767,0,0,0,0,117388104,114077200
120,false,MS,"2. NNI (Incremental)",2,false,Infinity,34.5461,0,0,0,0,110624960,214740496
120,false,MS,"2. NNI (Incremental)",3,false,Infinity,30.9867,0,0,0,0,92366392,315403792
120,false,MS,"2. NNI (Incremental)",4,false,Infinity,26.3864,0,0,0,0,76840144,382512656
120,false,MS,"2. NNI (Incremental)",5,false,Infinity,34.8235,0,0,0,0,101506840,483175952
120,false,MS,"2. NNI (Incremental)",6,false,Infinity,26.1809,0,0,0,0,77249840,583839248
120,false,MS,"2. NNI (Incremental)",7,false,Infinity,30.7605,0,0,0,0,90721216,650948112
120,false,MS,"2. NNI (Incremental)",8,false,Infinity,34.2872,0,0,0,0,97455368,751611408
120,false,MS,"2. NNI (Incremental)",9,false,Infinity,32.0391,0,0,0,0,97278344,852274704
120,false,MS,"2. NNI (Incremental)",10,false,Infinity,35.7866,0,0,0,0,110442008,952938000
120,false,MS,"2. NNI (Incremental)",11,false,Infinity,32.8216,0,0,0,0,96971592,1053601296
120,false,MS,"2. NNI (Incremental)",12,false,Infinity,34.6313,0,0,0,0,99234400,1154264592
120,false,MS,"2. NNI (Incremental)",13,false,Infinity,32.6372,0,0,0,0,88029288,1254927888
120,false,MS,"2. NNI (Incremental)",14,false,Infinity,41.6426,0,0,0,0,119408632,1389145616
120,false,MS,"2. NNI (Incremental)",15,false,Infinity,50.6264,0,0,0,0,139622096,1523363344
120,false,MS,"2. NNI (Incremental)",16,false,Infinity,35.0537,0,0,0,0,101491384,1624026640
120,false,MS,"2. NNI (Incremental)",17,false,Infinity,28.3431,0,0,0,0,83569464,1691135504
120,false,MS,"2. NNI (Incremental)",18,false,Infinity,32.8328,0,0,0,0,96997704,1791798800
120,false,MS,"2. NNI (Incremental)",19,false,Infinity,33.0683,0,0,0,0,94759152,1892462096
120,false,MS,"2. NNI (Incremental)",20,false,Infinity,41.7871,0,0,0,0,121687056,2026679824
120,false,MS,"2. NNI (Incremental)",21,false,Infinity,33.6016,0,0,0,0,97013704,2093788688
120,false,MS,"2. NNI (Incremental)",22,false,Infinity,27.8780,0,0,0,0,79066824,2194451984
120,false,MS,"2. NNI (Incremental)",23,false,Infinity,33.4049,0,0,0,0,97044296,2295115280
120,false,MS,"2. NNI (Incremental)",24,false,Infinity,31.7336,0,0,0,0,92518040,2362224144
120,false,MS,"2. NNI (Incremental)",25,false,Infinity,28.4538,0,0,0,0,79110088,2462887440
120,false,MS,"2. NNI (Incremental)",26,false,Infinity,31.5265,0,0,0,0,92514840,2563550736
120,false,MS,"2. NNI (Incremental)",27,false,Infinity,35.2999,0,0,0,0,103736144,2664214032
120,false,MS,"2. NNI (Incremental)",28,false,Infinity,42.0713,0,0,0,0,123915496,2764877328
120,false,MS,"2. NNI (Incremental)",29,false,Infinity,29.0066,0,0,0,0,85795920,2865540624
120,false,MS,"2. NNI (Incremental)",30,false,Infinity,37.8501,0,0,0,0,106001000,2966203920
120,false,MS,"2. NNI (Incremental)",31,false,Infinity,34.8092,0,0,0,0,103752784,3066867216
120,false,MS,"2. NNI (Incremental)",32,false,Infinity,34.3793,0,0,0,0,99262496,3167530512
120,false,MS,"2. NNI (Incremental)",33,false,Infinity,34.2450,0,0,0,0,103742032,3268193808
120,false,MS,"2. NNI (Incremental)",34,false,Infinity,28.6631,0,0,0,0,88048616,3368857104
120,false,MS,"2. NNI (Incremental)",35,false,Infinity,32.7079,0,0,0,0,97022152,3469520400
120,false,MS,"2. NNI (Incremental)",36,false,Infinity,25.6749,0,0,0,0,72357888,3536629264
120,false,MS,"2. NNI (Incremental)",37,false,Infinity,38.7879,0,0,0,0,114944520,3637292560
120,false,MS,"2. NNI (Incremental)",38,false,Infinity,27.7230,0,0,0,0,83578424,3737955856
120,false,MS,"2. NNI (Incremental)",39,false,Infinity,28.9701,0,0,0,0,81321248,3805064720
120,false,MS,"2. NNI (Incremental)",40,false,Infinity,41.5600,0,0,0,0,123909032,3939282448
120,false,MS,"2. NNI (Incremental)",41,false,Infinity,34.5328,0,0,0,0,103784720,4039945744
120,false,MS,"2. NNI (Incremental)",42,false,Infinity,28.0651,0,0,0,0,88041064,4140609040
120,false,MS,"2. NNI (Incremental)",43,false,Infinity,28.6142,0,0,0,0,85789840,4207717904
120,false,MS,"2. NNI (Incremental)",44,false,Infinity,36.7577,0,0,0,0,110493976,4341935632
120,false,MS,"2. NNI (Incremental)",45,false,Infinity,29.0782,0,0,0,0,88030248,4409044496
120,false,MS,"2. NNI (Incremental)",46,false,Infinity,35.8263,0,0,0,0,108219136,4509707792
120,false,MS,"2. NNI (Incremental)",47,false,Infinity,34.5671,0,0,0,0,97011848,4610371088
120,false,MS,"2. NNI (Incremental)",48,false,Infinity,33.7583,0,0,0,0,99244960,4711034384
120,false,MS,"2. NNI (Incremental)",49,false,Infinity,35.9525,0,0,0,0,106020008,4811697680
120,false,MS,"2. NNI (Incremental)",50,false,Infinity,22.5055,0,0,0,0,65635704,4878806544
120,false,MS,"2. NNI (Incremental)",51,false,Infinity,33.9251,0,0,0,0,97016520,4979469840
120,false,MS,"2. NNI (Incremental)",52,false,Infinity,36.8854,0,0,0,0,108246528,5080133136
120,false,MS,"2. NNI (Incremental)",53,false,Infinity,31.1742,0,0,0,0,88059944,5180796432
120,false,MS,"2. NNI (Incremental)",54,false,Infinity,24.7354,0,0,0,0,76852464,5247905296
120,false,MS,"2. NNI (Incremental)",55,false,Infinity,30.0802,0,0,0,0,92488088,5348568592
120,false,MS,"2. NNI (Incremental)",56,false,Infinity,30.3012,0,0,0,0,90273088,5449231888
120,false,MS,"2. NNI (Incremental)",57,false,Infinity,30.9558,0,0,0,0,94792432,5549895184
120,false,MS,"2. NNI (Incremental)",58,false,Infinity,33.1844,0,0,0,0,96993992,5650558480
120,false,MS,"2. NNI (Incremental)",59,false,Infinity,41.6965,0,0,0,0,117193632,5751221776
120,false,MS,"2. NNI (Incremental)",60,false,Infinity,29.5976,0,0,0,0,90260096,5851885072
120,false,MS,"2. NNI (Incremental)",61,false,Infinity,43.8184,0,0,0,0,126152000,5986102800
120,false,MS,"2. NNI (Incremental)",62,false,Infinity,29.8547,0,0,0,0,85817680,6053211664
120,false,MS,"2. NNI (Incremental)",63,false,Infinity,45.9505,0,0,0,0,128392152,6187429392
120,false,MS,"2. NNI (Incremental)",64,false,Infinity,31.7879,0,0,0,0,94777264,6288092688
120,false,MS,"2. NNI (Incremental)",65,false,Infinity,28.3321,0,0,0,0,83540344,6355201552
120,false,MS,"2. NNI (Incremental)",66,false,Infinity,39.0470,0,0,0,0,105974184,6455864848
120,false,MS,"2. NNI (Incremental)",67,false,Infinity,39.0458,0,0,0,0,112662320,6590082576
120,false,MS,"2. NNI (Incremental)",68,false,Infinity,32.2803,0,0,0,0,94739632,6690745872
120,false,MS,"2. NNI (Incremental)",69,false,Infinity,40.4249,0,0,0,0,112699248,6791409168
120,false,MS,"2. NNI (Incremental)",70,false,Infinity,43.0992,0,0,0,0,123889704,6925626896
120,false,MS,"2. NNI (Incremental)",71,false,Infinity,36.3763,0,0,0,0,103738384,7026290192
120,false,MS,"2. NNI (Incremental)",72,false,Infinity,34.3967,0,0,0,0,94800816,7126953488
120,false,MS,"2. NNI (Incremental)",73,false,Infinity,25.4723,0,0,0,0,72336512,7194062352
120,false,MS,"2. NNI (Incremental)",74,false,Infinity,34.6659,0,0,0,0,101457656,7294725648
120,false,MS,"2. NNI (Incremental)",75,false,Infinity,38.1718,0,0,0,0,103735312,7395388944
120,false,MS,"2. NNI (Incremental)",76,false,Infinity,28.7193,0,0,0,0,88033768,7462497808
120,false,MS,"2. NNI (Incremental)",77,false,Infinity,34.4557,0,0,0,0,90290304,7563161104
120,false,MS,"2. NNI (Incremental)",78,false,Infinity,33.2723,0,0,0,0,94784240,7663824400
120,false,MS,"2. NNI (Incremental)",79,false,Infinity,22.7945,0,0,0,0,65631224,7730933264
120,false,MS,"2. NNI (Incremental)",80,false,Infinity,30.3080,0,0,0,0,90313024,7831596560
120,false,MS,"2. NNI (Incremental)",81,false,Infinity,28.6745,0,0,0,0,81315936,7898705424
120,false,MS,"2. NNI (Incremental)",82,false,Infinity,25.5292,0,0,0,0,76853488,7965814288
120,false,MS,"2. NNI (Incremental)",83,false,Infinity,32.5762,0,0,0,0,85804816,8066477584
120,false,MS,"2. NNI (Incremental)",84,false,Infinity,38.3469,0,0,0,0,112706800,8167140880
120,false,MS,"2. NNI (Incremental)",85,false,Infinity,38.7197,0,0,0,0,110450904,8301358608
120,false,MS,"2. NNI (Incremental)",86,false,Infinity,26.5737,0,0,0,0,76834416,8368467472
120,false,MS,"2. NNI (Incremental)",87,false,Infinity,37.4318,0,0,0,0,110488408,8469130768
120,false,MS,"2. NNI (Incremental)",88,false,Infinity,29.7133,0,0,0,0,90276544,8569794064
120,false,MS,"2. NNI (Incremental)",89,false,Infinity,39.4093,0,0,0,0,117150944,8670457360
120,false,MS,"2. NNI (Incremental)",90,false,Infinity,37.7121,0,0,0,0,101511096,8771120656
120,false,MS,"2. NNI (Incremental)",91,false,Infinity,38.8773,0,0,0,0,105959272,8905338384
120,false,MS,"2. NNI (Incremental)",92,false,Infinity,31.2519,0,0,0,0,94780144,8972447248
120,false,MS,"2. NNI (Incremental)",93,false,Infinity,36.6109,0,0,0,0,105980648,9106664976
120,false,MS,"2. NNI (Incremental)",94,false,Infinity,35.4402,0,0,0,0,103734160,9207328272
120,false,MS,"2. NNI (Incremental)",95,false,Infinity,31.9584,0,0,0,0,88025384,9274437136
120,false,MS,"2. NNI (Incremental)",96,false,Infinity,33.9693,0,0,0,0,97026824,9375100432
120,false,MS,"2. NNI (Incremental)",97,false,Infinity,31.1340,0,0,0,0,90267328,9475763728
120,false,MS,"2. NNI (Incremental)",98,false,Infinity,38.7669,0,0,0,0,110495320,9576427024
120,false,MS,"2. NNI (Incremental)",99,false,Infinity,32.1548,0,0,0,0,97028552,9677090320
120,false,MS,"2. NNI (Incremental)",100,false,Infinity,28.5711,0,0,0,0,88065704,9777753616
120,false,MS,"5. VND NNI->ECR->SPR (Inc)",1,false,Infinity,39028.7201,45511871,769594988,10411660083,27801175380,81235600376,10347150880
120,false,MS,"5. VND NNI->ECR->SPR (Inc)",2,true,754.0000,49426.2244,43206178,752774801,14915163114,33714688912,100677909944,10284913312
120,false,MS,"5. VND NNI->ECR->SPR (Inc)",3,true,740.0000,43050.8056,45515909,1232164016,19726480366,22046274067,92695227168,10283969952
120,false,MS,"5. VND NNI->ECR->SPR (Inc)",4,false,Infinity,41961.5332,42931373,923513272,14367122863,26627556002,89332759056,10285210064
120,false,MS,"5. VND NNI->ECR->SPR (Inc)",5,true,764.0000,45899.5758,47318887,429410016,11602309109,33820179929,93546748120,10289422752
120,false,MS,"5. VND NNI->ECR->SPR (Inc)",6,true,676.0000,45405.8978,50090659,712065893,22598588505,22044708570,98307094040,10287201648
120,false,MS,"5. VND NNI->ECR->SPR (Inc)",7,true,742.0000,43485.4695,49508952,782419628,12509794719,30143343013,91011549616,10287677952
120,false,MS,"5. VND NNI->ECR->SPR (Inc)",8,true,774.0000,39921.2013,51669000,924568549,8340551826,30604076798,81939838752,10286707048
120,false,MS,"5. VND NNI->ECR->SPR (Inc)",9,true,683.0000,40139.5309,51175571,1079184668,16855454371,22153345831,87119630616,10287657944
120,false,MS,"5. VND NNI->ECR->SPR (Inc)",10,true,719.0000,41844.9217,53929830,682553249,13951527429,27156531275,89355025728,10287372640
120,false,MS,"5. VND NNI->ECR->SPR (Inc)",11,true,741.0000,41177.5769,50831509,702541230,14385373150,26038470805,87522391840,10287567048
120,false,MS,"5. VND NNI->ECR->SPR (Inc)",12,true,749.0000,44433.8019,48386058,434983185,13215654211,30734427441,92328886216,10286991704
120,false,MS,"5. VND NNI->ECR->SPR (Inc)",13,true,675.0000,47921.0614,51594949,507378100,23956967569,23404739414,105141190760,10289688312
120,false,MS,"5. VND NNI->ECR->SPR (Inc)",14,true,729.0000,41891.9254,60519621,1052761732,17365128745,23413108167,93395938816,10297680320
120,false,MS,"5. VND NNI->ECR->SPR (Inc)",15,true,698.0000,48692.3093,84104863,899082903,29338753797,18369936860,106273787920,10294863904
120,false,MS,"5. VND NNI->ECR->SPR (Inc)",16,true,722.0000,44260.2934,51740817,729775424,17793043501,25685353015,95677351928,10293838048
120,false,MS,"5. VND NNI->ECR->SPR (Inc)",17,true,687.0000,46539.4109,52572759,917639408,25606980637,19961763719,101346758528,10292724672
120,false,MS,"5. VND NNI->ECR->SPR (Inc)",18,true,748.0000,48955.6794,52347772,605587172,12260685655,36036682850,99941543800,10292834192
120,false,MS,"5. VND NNI->ECR->SPR (Inc)",19,true,709.0000,44486.8815,50415388,680042063,17895499618,25860534212,93749603888,10292123616
120,false,MS,"5. VND NNI->ECR->SPR (Inc)",20,true,773.0000,43025.5907,60781168,649413412,11696465865,30618559318,89165850416,10292915752
120,false,MS,"5. VND NNI->ECR->SPR (Inc)",21,true,812.0000,38775.9886,56559432,1167663316,10205749172,27345626408,80455739592,10292185920
120,false,MS,"5. VND NNI->ECR->SPR (Inc)",22,true,630.0000,43920.9764,42485208,608727162,25032439218,18236899822,96995312104,10295881304
120,false,MS,"5. VND NNI->ECR->SPR (Inc)",23,true,745.0000,44371.4792,48616136,869196000,16463646088,26989656129,94407328496,10293961456
120,false,MS,"5. VND NNI->ECR->SPR (Inc)",24,true,686.0000,47534.0987,54044639,566093253,23388189894,23525383325,100448995760,10293963968
120,false,MS,"5. VND NNI->ECR->SPR (Inc)",25,true,685.0000,46972.1812,46292669,844026020,23831788322,22249654126,101485857168,10294165984
120,false,MS,"5. VND NNI->ECR->SPR (Inc)",26,true,770.0000,46021.0506,54644159,933726219,15607051239,29425240725,94458574752,10292028560
120,false,MS,"5. VND NNI->ECR->SPR (Inc)",27,true,727.0000,45807.7622,50652810,637409865,20183934441,24935401482,99514327368,10294726336
120,false,MS,"5. VND NNI->ECR->SPR (Inc)",28,false,Infinity,43289.6401,67531125,704891987,22133464573,20383318802,94088015512,10293164160
120,false,MS,"5. VND NNI->ECR->SPR (Inc)",29,true,793.0000,47821.7437,47649848,751324400,13078404388,33943962498,98920884768,10292037272
120,false,MS,"5. VND NNI->ECR->SPR (Inc)",30,true,714.0000,40085.3305,57483729,887949189,14151160551,24988331043,84461228456,10293506032
120,false,MS,"5. VND NNI->ECR->SPR (Inc)",31,false,Infinity,48803.1605,51146980,529669319,27128582496,21093364951,109568402264,10296335952
120,false,MS,"5. VND NNI->ECR->SPR (Inc)",32,true,695.0000,43416.1904,53526776,652766134,18139015400,24570506882,94506450216,10293536704
120,false,MS,"5. VND NNI->ECR->SPR (Inc)",33,true,749.0000,40929.7605,62242377,1438865414,17643344270,21784887483,85901668576,10292354096
120,false,MS,"5. VND NNI->ECR->SPR (Inc)",34,true,719.0000,45495.5769,44246238,766813664,16583704538,28100429704,95717765656,10292826656
120,false,MS,"5. VND NNI->ECR->SPR (Inc)",35,true,733.0000,46314.8111,60223971,1087520680,22122225852,23044409002,97024039584,10292648960
120,false,MS,"5. VND NNI->ECR->SPR (Inc)",36,true,743.0000,42001.1621,38115338,652455095,9710805517,31599431969,85622994000,10292158872
120,false,MS,"5. VND NNI->ECR->SPR (Inc)",37,true,877.0000,42754.7338,54544109,876414900,3483127139,38340284462,84121183544,10290899064
120,false,MS,"5. VND NNI->ECR->SPR (Inc)",38,true,638.0000,40793.1150,45029253,895920324,20861674690,18990119577,87780458368,10294717808
120,false,MS,"5. VND NNI->ECR->SPR (Inc)",39,true,725.0000,42429.7199,54100225,1072157697,15469239532,25833798320,88157751848,10292019656
120,false,MS,"5. VND NNI->ECR->SPR (Inc)",40,true,781.0000,44217.3198,65021233,998710321,16997998251,26155204296,91310003688,10292616952
120,false,MS,"5. VND NNI->ECR->SPR (Inc)",41,true,789.0000,44387.3309,56682635,684006772,12675988340,30970243383,89130090840,10292688704
120,false,MS,"5. VND NNI->ECR->SPR (Inc)",42,true,725.0000,48159.8222,42206245,460815795,25404607388,22251821806,104178715448,10295960048
120,false,MS,"5. VND NNI->ECR->SPR (Inc)",43,true,741.0000,48358.1942,50998096,543647428,21941170584,25821987869,102089640248,10293796640
120,false,MS,"5. VND NNI->ECR->SPR (Inc)",44,true,743.0000,41349.9777,60272521,761531032,12454275882,28073528480,85920820752,10292931560
120,false,MS,"5. VND NNI->ECR->SPR (Inc)",45,true,776.0000,43864.1996,44779849,643201401,13793475973,29382370486,92220415664,10293468144
120,false,MS,"5. VND NNI->ECR->SPR (Inc)",46,true,662.0000,46387.9615,57284980,568619928,28830021300,16931681285,104309195008,10296462992
120,false,MS,"5. VND NNI->ECR->SPR (Inc)",47,true,818.0000,45043.9229,51496183,367148895,8307426929,36317485506,90482452864,10292482072
120,false,MS,"5. VND NNI->ECR->SPR (Inc)",48,true,679.0000,35994.6003,53838325,1029406267,10596747908,24314222807,75414644288,10292593248
120,false,MS,"5. VND NNI->ECR->SPR (Inc)",49,true,739.0000,43726.4554,60662453,761607918,16586637887,26317151404,93538561376,10293319744
120,false,MS,"5. VND NNI->ECR->SPR (Inc)",50,true,773.0000,43339.2876,48122288,1684242415,16430526015,25175965082,89665669280,10294979312
120,false,MS,"5. VND NNI->ECR->SPR (Inc)",51,true,811.0000,42888.7907,52905922,830382729,15882597214,26122505683,87815335200,10299183328
120,false,MS,"5. VND NNI->ECR->SPR (Inc)",52,false,Infinity,45819.0689,57260595,282954042,20536804367,24941644709,99540649416,10297586648
120,false,MS,"5. VND NNI->ECR->SPR (Inc)",53,true,787.0000,39341.6260,46994040,718605269,8713605979,29862057588,79758239408,10295003192
120,false,MS,"5. VND NNI->ECR->SPR (Inc)",54,true,705.0000,45143.3661,49791449,697544619,17624876222,26770722610,95531414104,10296405416
120,false,MS,"5. VND NNI->ECR->SPR (Inc)",55,true,725.0000,46862.5765,49307948,783107456,17278909968,28750859655,99772389944,10295025488
120,false,MS,"5. VND NNI->ECR->SPR (Inc)",56,true,731.0000,47332.8622,47269523,559672884,21129784400,25595777459,102238455648,10298512968
120,false,MS,"5. VND NNI->ECR->SPR (Inc)",57,true,778.0000,45120.6983,49415824,773152593,15403196327,28894537884,93699279888,10295303792
120,false,MS,"5. VND NNI->ECR->SPR (Inc)",58,true,725.0000,41568.5380,53021021,962887067,12356432892,28195789777,86125537432,10295168152
120,false,MS,"5. VND NNI->ECR->SPR (Inc)",59,true,775.0000,48354.7935,62770270,836018417,19697843914,27757773882,101179719640,10297789584
120,false,MS,"5. VND NNI->ECR->SPR (Inc)",60,true,787.0000,43476.0423,43114251,399022932,11943841818,31089691836,89840585768,10295888384
120,false,MS,"5. VND NNI->ECR->SPR (Inc)",61,true,729.0000,49701.8138,67477402,502873567,27991141040,21139905836,107425311336,10298329088
120,false,MS,"5. VND NNI->ECR->SPR (Inc)",62,true,741.0000,50477.7971,45409806,529449225,29334044338,20568537141,110316948192,10299869048
120,false,MS,"5. VND NNI->ECR->SPR (Inc)",63,true,784.0000,46729.9695,74187273,694448928,19775361755,26185476738,96668224784,10296060576
120,false,MS,"5. VND NNI->ECR->SPR (Inc)",64,true,773.0000,47091.1924,47893479,419519373,15810963454,30812461984,97635060584,10296569184
120,false,MS,"5. VND NNI->ECR->SPR (Inc)",65,true,721.0000,43903.2294,53359355,875016003,15456432482,27518056704,92401313992,10297276440
120,false,MS,"5. VND NNI->ECR->SPR (Inc)",66,true,712.0000,39585.8474,54625792,688299985,10587416044,28255150591,81017526992,10294941632
120,false,MS,"5. VND NNI->ECR->SPR (Inc)",67,true,793.0000,39379.7297,57059973,389418419,5967199269,32965680933,79333560136,10294296464
120,false,MS,"5. VND NNI->ECR->SPR (Inc)",68,true,747.0000,42231.4279,47582048,723581739,12943717737,28516193557,87392526752,10295448688
120,false,MS,"5. VND NNI->ECR->SPR (Inc)",69,true,704.0000,46760.6839,63992526,972025155,20587433827,25136809251,99629106688,10295946688
120,false,MS,"5. VND NNI->ECR->SPR (Inc)",70,true,731.0000,49455.6596,74924922,767556475,31675181483,16937580058,107649020448,10297464488
120,false,MS,"5. VND NNI->ECR->SPR (Inc)",71,true,728.0000,43958.3292,60074966,675481807,16530216934,26692167474,91414286488,10295868992
120,false,MS,"5. VND NNI->ECR->SPR (Inc)",72,true,750.0000,45309.9558,48575697,823023660,23336349526,21101629777,97632262080,10297788584
120,false,MS,"5. VND NNI->ECR->SPR (Inc)",73,true,642.0000,43840.1933,53039314,878759503,26812858644,16095141507,95071301216,10298607120
120,false,MS,"5. VND NNI->ECR->SPR (Inc)",74,true,725.0000,46445.1785,53342644,774013114,21909867938,23707579246,100406960080,10297316728
120,false,MS,"5. VND NNI->ECR->SPR (Inc)",75,true,727.0000,38601.6231,55243468,1198975520,9614643996,27732404500,79955638232,10295303960
120,false,MS,"5. VND NNI->ECR->SPR (Inc)",76,true,754.0000,46710.0335,44335132,142771509,15406524490,31116072351,96996390008,10296715176
120,false,MS,"5. VND NNI->ECR->SPR (Inc)",77,true,725.0000,37041.9580,50983277,785579452,5550223522,30654827158,74121015544,10294114088
120,false,MS,"5. VND NNI->ECR->SPR (Inc)",78,true,695.0000,48458.1535,47374333,615785312,25867878029,21926755112,105689216928,10298259536
120,false,MS,"5. VND NNI->ECR->SPR (Inc)",79,true,761.0000,44871.0289,34438562,795912632,11189463691,32850861591,90753092888,10295755304
120,false,MS,"5. VND NNI->ECR->SPR (Inc)",80,true,716.0000,43838.4950,55452751,821187637,17103664972,25857770247,92461690880,10295809744
120,false,MS,"5. VND NNI->ECR->SPR (Inc)",81,true,648.0000,40318.4223,52050036,1077093726,19785071158,19403765287,84424544584,10295946256
120,false,MS,"5. VND NNI->ECR->SPR (Inc)",82,true,744.0000,43260.8429,40550616,805645240,16487600297,25926702917,89874731120,10296623584
120,false,MS,"5. VND NNI->ECR->SPR (Inc)",83,true,714.0000,43419.8780,45968088,692229547,19448712243,23232631041,94350348976,10297796320
120,false,MS,"5. VND NNI->ECR->SPR (Inc)",84,true,764.0000,42677.4598,54513218,506774771,14719607393,27396224415,90352976632,10296704400
120,false,MS,"5. VND NNI->ECR->SPR (Inc)",85,true,709.0000,45170.2275,65021672,1034344859,20751986792,23318460783,97961918496,10296747856
120,false,MS,"5. VND NNI->ECR->SPR (Inc)",86,true,849.0000,42110.9700,42808280,1453806525,11125875092,29488090875,85399854696,10295133576
120,false,MS,"5. VND NNI->ECR->SPR (Inc)",87,true,725.0000,41189.5683,60240822,815356374,12858093127,27455498858,85421762648,10295833968
120,false,MS,"5. VND NNI->ECR->SPR (Inc)",88,true,751.0000,45447.1904,58356119,711533383,15645878336,29031025319,95531195960,10295557976
120,false,MS,"5. VND NNI->ECR->SPR (Inc)",89,true,761.0000,40779.9195,60517609,1204126135,12756282251,26758638388,84997831152,10296171952
120,false,MS,"5. VND NNI->ECR->SPR (Inc)",90,true,673.0000,43858.7740,52771377,670396291,24855250147,18280007397,91879885728,10298324512
120,false,MS,"5. VND NNI->ECR->SPR (Inc)",91,true,649.0000,51140.6343,65244456,888127134,32989044629,17197776552,114646986592,10297303704
120,false,MS,"5. VND NNI->ECR->SPR (Inc)",92,true,700.0000,43861.7346,45681724,594570654,20723978780,22497159373,93765418000,10298262736
120,false,MS,"5. VND NNI->ECR->SPR (Inc)",93,true,675.0000,40601.3602,54048855,607523967,20208479388,19730954213,88728320048,10297707168
120,false,MS,"5. VND NNI->ECR->SPR (Inc)",94,true,763.0000,41200.4289,51761937,904717595,6661509927,33582095693,81666319000,10295289600
120,false,MS,"5. VND NNI->ECR->SPR (Inc)",95,true,712.0000,45094.4957,47475095,425703164,17165807767,27455132381,95345792376,10296378016
120,false,MS,"5. VND NNI->ECR->SPR (Inc)",96,true,729.0000,46755.5628,52382096,745927861,20807902662,25148975469,102448412832,10296159808
120,false,MS,"5. VND NNI->ECR->SPR (Inc)",97,true,730.0000,36485.4174,45576705,1180176137,9298027560,25961278318,76190422080,10294896624
120,false,MS,"5. VND NNI->ECR->SPR (Inc)",98,true,774.0000,38862.5207,58709168,964926864,8729668964,29108837515,81544742592,10295504192
120,false,MS,"5. VND NNI->ECR->SPR (Inc)",99,true,764.0000,42372.9616,53140840,891874470,15989058285,25438507446,90353123288,10296575616
120,false,MS,"5. VND NNI->ECR->SPR (Inc)",100,true,770.0000,38040.7978,45936708,1079009798,7321935977,29593553866,77442425448,10294795560
120,false,MS,"6. VND NNI->SPR (Inc)",1,false,Infinity,48012.6150,42822276,0,0,47969151619,89182328360,10316158856
120,false,MS,"6. VND NNI->SPR (Inc)",2,true,869.0000,50792.1064,38359759,0,0,50753433938,94174173224,10282855296
120,false,MS,"6. VND NNI->SPR (Inc)",3,true,867.0000,47397.4461,40952720,0,0,47356193617,88791508432,10282678696
120,false,MS,"6. VND NNI->SPR (Inc)",4,true,915.0000,51385.6075,33685750,0,0,51351611059,95579181360,10282648280
120,false,MS,"6. VND NNI->SPR (Inc)",5,true,882.0000,51044.3475,46548032,0,0,50997491283,95195076848,10282664688
120,false,MS,"6. VND NNI->SPR (Inc)",6,false,Infinity,46866.4829,36512285,0,0,46829653119,89167157240,10282725712
120,false,MS,"6. VND NNI->SPR (Inc)",7,true,881.0000,52924.5339,43970510,0,0,52880243900,97812576080,10282657248
120,false,MS,"6. VND NNI->SPR (Inc)",8,true,854.0000,47739.8182,49314323,0,0,47690199530,88192390200,10282654704
120,false,MS,"6. VND NNI->SPR (Inc)",9,true,889.0000,49792.5059,45596342,0,0,49746610246,93204510504,10282660648
120,false,MS,"6. VND NNI->SPR (Inc)",10,false,Infinity,48743.3838,51031077,0,0,48692021695,92449121520,10282700264
120,false,MS,"6. VND NNI->SPR (Inc)",11,false,Infinity,48945.4163,47895474,0,0,48897185219,91719676088,10282645808
120,false,MS,"6. VND NNI->SPR (Inc)",12,true,896.0000,51190.2361,46110119,0,0,51143807647,96191928336,10282676992
120,false,MS,"6. VND NNI->SPR (Inc)",13,true,848.0000,50327.7658,44127889,0,0,50283335331,93900226792,10282669424
120,false,MS,"6. VND NNI->SPR (Inc)",14,true,861.0000,48666.8813,53830642,0,0,48612733821,92604213936,10284052352
120,false,MS,"6. VND NNI->SPR (Inc)",15,false,Infinity,47716.6256,68311349,0,0,47647976113,87999150264,10285344856
120,false,MS,"6. VND NNI->SPR (Inc)",16,false,Infinity,47085.7638,49670519,0,0,47035769282,89915984400,10284032176
120,false,MS,"6. VND NNI->SPR (Inc)",17,false,Infinity,50210.1219,40262509,0,0,50169523371,93258056848,10284032176
120,false,MS,"6. VND NNI->SPR (Inc)",18,true,866.0000,51375.4723,47452993,0,0,51327712243,94339587600,10283990976
120,false,MS,"6. VND NNI->SPR (Inc)",19,true,863.0000,47961.3580,46165876,0,0,47914880523,90215570424,10283915240
120,false,MS,"6. VND NNI->SPR (Inc)",20,true,872.0000,49746.7493,60204693,0,0,49686226813,93600890712,10283935368
120,false,MS,"6. VND NNI->SPR (Inc)",21,true,887.0000,49275.8316,47306105,0,0,49228221731,90853474160,10283928272
120,false,MS,"6. VND NNI->SPR (Inc)",22,false,Infinity,47383.5919,40423685,0,0,47342784049,89465195928,10283994752
120,false,MS,"6. VND NNI->SPR (Inc)",23,false,Infinity,50760.8454,47433967,0,0,50713079389,93989931664,10283924928
120,false,MS,"6. VND NNI->SPR (Inc)",24,false,Infinity,48543.9545,48014031,0,0,48495611345,90677910000,10283939904
120,false,MS,"6. VND NNI->SPR (Inc)",25,true,843.0000,46259.5280,38750022,0,0,46220454554,87854032432,10283923952
120,false,MS,"6. VND NNI->SPR (Inc)",26,false,Infinity,49187.6148,44526087,0,0,49142781347,92586893808,10284001560
120,false,MS,"6. VND NNI->SPR (Inc)",27,true,864.0000,46721.5468,49355250,0,0,46671871502,88328189592,10284035400
120,false,MS,"6. VND NNI->SPR (Inc)",28,true,821.0000,46872.5470,58559114,0,0,46813673633,88164381216,10284003536
120,false,MS,"6. VND NNI->SPR (Inc)",29,false,Infinity,48918.1089,42971010,0,0,48874819792,90879490544,10283942360
120,false,MS,"6. VND NNI->SPR (Inc)",30,false,Infinity,45931.7140,53208007,0,0,45878176411,87215695728,10283977968
120,false,MS,"6. VND NNI->SPR (Inc)",31,false,Infinity,50998.9811,49355933,0,0,50949300645,96520451160,10283955800
120,false,MS,"6. VND NNI->SPR (Inc)",32,true,855.0000,49184.4377,49878055,0,0,49134261815,92679577424,10283974624
120,false,MS,"6. VND NNI->SPR (Inc)",33,true,890.0000,50779.8671,49424251,0,0,50730145669,93287329168,10283940944
120,false,MS,"6. VND NNI->SPR (Inc)",34,true,883.0000,51884.7934,40308406,0,0,51844179671,97564927288,10283986088
120,false,MS,"6. VND NNI->SPR (Inc)",35,true,860.0000,48913.0616,44901981,0,0,48867865078,92258827568,10283959672
120,false,MS,"6. VND NNI->SPR (Inc)",36,false,Infinity,46439.6682,36861841,0,0,46402481632,88537011096,10283927760
120,false,MS,"6. VND NNI->SPR (Inc)",37,true,877.0000,45877.0256,53607818,0,0,45823091434,84680393328,10283942128
120,false,MS,"6. VND NNI->SPR (Inc)",38,true,856.0000,47600.3651,38941056,0,0,47561131352,89941641504,10283935480
120,false,MS,"6. VND NNI->SPR (Inc)",39,false,Infinity,49876.0193,42704823,0,0,49832991686,92567140008,10283934240
120,false,MS,"6. VND NNI->SPR (Inc)",40,true,898.0000,50929.6332,60009522,0,0,50869303119,94145430968,10283948944
120,false,MS,"6. VND NNI->SPR (Inc)",41,false,Infinity,47741.7024,48807099,0,0,47692575745,88902433984,10283945168
120,false,MS,"6. VND NNI->SPR (Inc)",42,true,870.0000,47340.3718,40657700,0,0,47299399528,89136368240,10284030616
120,false,MS,"6. VND NNI->SPR (Inc)",43,true,925.0000,49614.6764,41159655,0,0,49573207434,92484012912,10284033176
120,false,MS,"6. VND NNI->SPR (Inc)",44,true,851.0000,45510.2693,53819461,0,0,45456139969,86186018608,10283966784
120,false,MS,"6. VND NNI->SPR (Inc)",45,false,Infinity,48085.3760,43196398,0,0,48041855753,91791319136,10283968744
120,false,MS,"6. VND NNI->SPR (Inc)",46,false,Infinity,45728.4363,54523900,0,0,45673576255,86311530880,10283944984
120,false,MS,"6. VND NNI->SPR (Inc)",47,false,Infinity,46312.1976,49340884,0,0,46262529761,87771860408,10283964816
120,false,MS,"6. VND NNI->SPR (Inc)",48,false,Infinity,46527.0392,49438769,0,0,46477272004,87453646832,10283968512
120,false,MS,"6. VND NNI->SPR (Inc)",49,true,838.0000,48957.8993,52763112,0,0,48904813008,91586992080,10283947904
120,false,MS,"6. VND NNI->SPR (Inc)",50,false,Infinity,50674.4279,32644421,0,0,50641473803,93026549040,10283935408
120,false,MS,"6. VND NNI->SPR (Inc)",51,false,Infinity,49546.2600,50847930,0,0,49495072424,93819461728,10284024664
120,false,MS,"6. VND NNI->SPR (Inc)",52,false,Infinity,47957.2124,52701314,0,0,47904189164,91321057816,10283941280
120,false,MS,"6. VND NNI->SPR (Inc)",53,false,Infinity,48139.7105,44812081,0,0,48094580210,90673059864,10283960264
120,false,MS,"6. VND NNI->SPR (Inc)",54,true,873.0000,47985.4506,36674626,0,0,47948470908,90688870440,10283960264
120,false,MS,"6. VND NNI->SPR (Inc)",55,true,865.0000,48875.9295,44505609,0,0,48831120610,90948662352,10283923744
120,false,MS,"6. VND NNI->SPR (Inc)",56,true,832.0000,48008.2797,45146838,0,0,47962834013,89734385600,10283936688
120,false,MS,"6. VND NNI->SPR (Inc)",57,true,881.0000,49676.8358,45336368,0,0,49631175175,93279938256,10284039440
120,false,MS,"6. VND NNI->SPR (Inc)",58,true,852.0000,45133.3221,45726972,0,0,45087287149,84025954096,10283950768
120,false,MS,"6. VND NNI->SPR (Inc)",59,true,896.0000,48757.9966,57921632,0,0,48699751269,91423771656,10283950312
120,false,MS,"6. VND NNI->SPR (Inc)",60,true,905.0000,48464.4893,40524187,0,0,48423671647,91666511984,10284069648
120,false,MS,"6. VND NNI->SPR (Inc)",61,false,Infinity,50275.9567,59673503,0,0,50215949186,93217439552,10283948000
120,false,MS,"6. VND NNI->SPR (Inc)",62,false,Infinity,51245.6148,44378677,0,0,51200893255,91597586872,10283946696
120,false,MS,"6. VND NNI->SPR (Inc)",63,true,844.0000,43412.3068,64622305,0,0,43347359276,81247470904,10283946696
120,false,MS,"6. VND NNI->SPR (Inc)",64,false,Infinity,48816.7122,46295092,0,0,48770099060,92930583400,10284088664
