Neighborhood,Size,IsRooted,Metric,Variant,TimeUs,AllocBytesPerOp
TBR,10,false,RF,1. Classic,1217.0866,3065255.99
TBR,10,true,RFC,1. Classic,3757.7758,9126952.90
TBR,10,false,MS,1. Classic,2360.5351,5983047.17
TBR,10,true,MC,1. Classic,4442.4101,9925996.86
TBR,10,true,MP,1. Classic,4645.7915,10531602.83
TBR,10,false,M3,1. Classic,3064.2216,9039245.45
TBR,10,false,RF,2. Incremental,81.7118,6736.32
TBR,10,true,RFC,2. Incremental,62.8327,99584.25
TBR,10,false,MS,2. Incremental,223.7365,307024.89
TBR,10,true,MC,2. Incremental,320.6162,1592585.29
TBR,10,true,MP,2. Incremental,294.3996,1545761.18
TBR,10,false,M3,2. Incremental,1174.3939,2697884.69
TBR,20,false,RF,1. Classic,21380.9219,48050591.25
TBR,20,true,RFC,1. Classic,58804.1658,115430851.41
TBR,20,false,MS,1. Classic,46089.8178,75350412.39
TBR,20,true,MC,1. Classic,74289.2840,141882442.43
TBR,20,true,MP,1. Classic,65395.2677,140253962.31
TBR,20,false,M3,1. Classic,72640.8987,232453107.41
TBR,20,false,RF,2. Incremental,1905.9130,34007.77
TBR,20,true,RFC,2. Incremental,829.3292,524835.30
TBR,20,false,MS,2. Incremental,4645.7493,2225298.45
TBR,20,true,MC,2. Incremental,3815.1709,14183855.24
TBR,20,true,MP,2. Incremental,2337.1412,11862961.66
TBR,20,false,M3,2. Incremental,23072.6972,44104819.47
TBR,30,false,RF,1. Classic,103398.1110,244486873.35
TBR,30,true,RFC,1. Classic,245101.5267,485733792.71
TBR,30,false,MS,1. Classic,282381.8099,340116651.06
TBR,30,true,MC,1. Classic,337949.4272,642713133.16
TBR,30,true,MP,1. Classic,285329.6734,600082274.00
TBR,30,false,M3,1. Classic,561902.8661,1749741586.71
TBR,30,false,RF,2. Incremental,11327.6483,65636.73
TBR,30,true,RFC,2. Incremental,2716.2542,1189147.12
TBR,30,false,MS,2. Incremental,26862.8513,8818538.68
TBR,30,true,MC,2. Incremental,14019.4785,48200699.14
TBR,30,true,MP,2. Incremental,7331.2003,37298957.38
TBR,30,false,M3,2. Incremental,128998.0627,209513461.30
TBR,50,false,RF,1. Classic,582675.5918,1332082551.17
TBR,50,true,RFC,1. Classic,2152313.7429,3540468420.00
TBR,50,false,MS,1. Classic,2292742.2179,2038023208.80
TBR,50,true,MC,1. Classic,3114761.9977,5600645102.40
TBR,50,true,MP,1. Classic,2504911.0094,4652973872.80
TBR,50,false,M3,1. Classic,4783486.0532,16842339179.20
TBR,50,false,RF,2. Incremental,76291.6798,114014.15
TBR,50,true,RFC,2. Incremental,13188.7838,4215748.25
TBR,50,false,MS,2. Incremental,155276.8051,43823110.89
TBR,50,true,MC,2. Incremental,86803.9101,266617158.81
TBR,50,true,MP,2. Incremental,42526.1543,187547473.11
TBR,50,false,M3,2. Incremental,804503.6650,1203997120.53
TBR,80,false,RF,1. Classic,3498284.5973,8207404756.80
TBR,80,true,RFC,1. Classic,13048494.8872,19089637170.40
TBR,80,false,MS,1. Classic,18209921.0292,12848519540.00
TBR,80,true,MC,1. Classic,21779507.9857,40362549867.20
TBR,80,true,MP,1. Classic,15884730.2195,26410730346.40
TBR,80,false,M3,1. Classic,42344224.2136,107282748260.80
TBR,80,false,RF,2. Incremental,405476.4119,1021676.43
TBR,80,true,RFC,2. Incremental,53115.8749,12151892.47
TBR,80,false,MS,2. Incremental,1001556.7379,201329697.07
TBR,80,true,MC,2. Incremental,536308.8098,1426254274.00
TBR,80,true,MP,2. Incremental,182393.1211,734244605.67
TBR,80,false,M3,2. Incremental,4945175.6113,6119571463.20
TBR,120,false,RF,1. Classic,14910094.2070,35246723808.00
TBR,120,false,RF,2. Incremental,1941089.2685,1671966.00
TBR,120,true,RFC,2. Incremental,159185.1534,30299731.56
TBR,120,false,MS,2. Incremental,5252428.2808,801235947.20
TBR,120,true,MC,2. Incremental,2002734.1000,5041888366.00
TBR,120,true,MP,2. Incremental,674505.4700,2579700537.87
TBR,120,false,M3,2. Incremental,25232933.6145,26251611470.40
TBR,200,false,RF,2. Incremental,9931100.6347,5306793.60
TBR,200,true,RFC,2. Incremental,567922.2430,98247926.00
TBR,200,false,MS,2. Incremental,39707780.0269,4009642253.60
TBR,200,true,MC,2. Incremental,12078203.8969,34555884232.80
TBR,200,true,MP,2. Incremental,3094114.0829,11976111296.80
TBR,200,false,M3,2. Incremental,178873646.7307,144432114545.60
TBR,300,false,RF,2. Incremental,23618400.3198,1275067.20
TBR,300,true,RFC,2. Incremental,2045640.4929,256343277.20
TBR,300,true,MC,2. Incremental,52818937.5979,164402342569.60
TBR,300,true,MP,2. Incremental,12286836.9168,44726579690.40
TBR,500,false,RF,2. Incremental,142350813.4716,19111945.60
TBR,500,true,RFC,2. Incremental,7446566.3946,731472080.80
TBR,500,true,MP,2. Incremental,60703052.4181,220911737263.20
TBR,800,true,RFC,2. Incremental,33089913.7615,2323520916.00
TBR,1200,true,RFC,2. Incremental,85950782.0540,5141594583.20
